id,tx_hash,json_metadata,raw_metadata,block,inputs,outputs,type,created_at,epoch,stake_key,stake_pub
1,27ba5500aba309a273eb8d91644afe36ad0c256e117ae57f7351ec1a575a2891,"{""voter_delegations"":[{""voting_key"":""0c6199349ca3b3c86c1fb807e17f91a31384fd309a3478a4197b83a5adaf2a9c"",""votePublicKey"":""ed25519_pk1p3sejdyu5weusmqlhqr7zlu35vfcflfsng683fqe0wp6ttd092wqfya7wn"",""weight"":1,""catId"":""ca1q5xxrxf5nj3m8jrvr7uq0ctljx338p8axzdrg79yr9ac8fdd4u4fc73gzve""}],""txType"":""cip15"",""stake_pub"":""ed25519_pk1xguw4v28mejpue3za7xzgmpzde6yawlse87fmv5ctzpgguv626rqpl2cee"",""stake_hex"":""e02902a312156562e9c98cc869b6c8e5356d7b97cc3ea7398839a423e5"",""stake_key"":""stake_test1uq5s9gcjz4jk96wf3nyxndkgu56k67uhesl2wwvg8xjz8egd5wrsf"",""payment_address"":""stake_test1uq5s9gcjz4jk96wf3nyxndkgu56k67uhesl2wwvg8xjz8egd5wrsf"",""nonce"":5653271}","{""1"": ""0x0c6199349ca3b3c86c1fb807e17f91a31384fd309a3478a4197b83a5adaf2a9c"", ""2"": ""0x3238eab147de641e6622ef8c246c226e744ebbf0c9fc9db298588284719a5686"", ""3"": ""0xe02902a312156562e9c98cc869b6c8e5356d7b97cc3ea7398839a423e5"", ""4"": 5653271}",aedf9a400013197478f54bdbeeb2b70de1cff62164c45d22ff69d9779d440015,"[{""address"":""addr_test1qzmes0354qmj304puzckrm5zd8c56scrj7qmex0n6dmswa3fq233y9t9vt5unrxgdxmv3ef4d4ae0np75uucswdyy0jszm27jf"",""amount"":[{""unit"":""lovelace"",""quantity"":""9704317008""}],""tx_hash"":""851d1305f69b643292f22739e2ecf07d1924985e6cf7f62482918d69ccd8c10d"",""output_index"":1,""data_hash"":null,""inline_datum"":null,""reference_script_hash"":null,""collateral"":false,""reference"":false}]","[{""address"":""addr_test1qrsakl97wa3lusg6emzz0jwxw7ef7ay574yvhvuha4xpvapfq233y9t9vt5unrxgdxmv3ef4d4ae0np75uucswdyy0jsquag3x"",""amount"":[{""unit"":""lovelace"",""quantity"":""1000000""}],""output_index"":0,""data_hash"":null,""inline_datum"":null,""collateral"":false,""reference_script_hash"":null,""consumed_by_tx"":""492d65e52eb1bb9c729ebb7356930948b9f0b8c176e471733b64eaa2acb66a4e""},{""address"":""addr_test1qz2xau9rkrrqh34p5jp399wldqju3dckmc7ml0zlppy4673fq233y9t9vt5unrxgdxmv3ef4d4ae0np75uucswdyy0jsz4m7hl"",""amount"":[{""unit"":""lovelace"",""quantity"":""9703138219""}],""output_index"":1,""data_hash"":null,""inline_datum"":null,""collateral"":false,""reference_script_hash"":null,""consumed_by_tx"":""439a3cff12e7c7dd55ce663577268cfba02f91be35af7f2a825785d9ecab9cac""}]",cip15,12/29/2022 10:21,65,stake_test1uq5s9gcjz4jk96wf3nyxndkgu56k67uhesl2wwvg8xjz8egd5wrsf,ed25519_pk1xguw4v28mejpue3za7xzgmpzde6yawlse87fmv5ctzpgguv626rqpl2cee
2,2be18b4269ba92f7efef72267ecfb9101308057204546daab83f1f57e546005e,"{""voter_delegations"":[{""voting_key"":""188a83800f13f1a579a4a3693925c6abd331cacf6cc7293931a3c2acd9a4e1cd"",""votePublicKey"":""ed25519_pk1rz9g8qq0z0c627dy5d5njfwx40fnrjk0dnrjjwf350p2ekdyu8xsnnhuaf"",""weight"":1,""catId"":""ca1q5vg4quqpuflrfte5j3kjwf9c64axvw2eakvw2fexx3u9txe5nsu6pw60nl""}],""txType"":""cip15"",""stake_pub"":""ed25519_pk12e7ucntveycnj9wlkj289wxyy3cjkxkxp5c5y9yazjymanz00dzq950pk8"",""stake_hex"":""e02cdd54917d95107b98694ebff176974dc401027a78a26e22ad91a133"",""stake_key"":""stake_test1uqkd64y30k23q7ucd98tlutkjaxugqgz0fu2ym3z4kg6zvc9p0tgd"",""payment_address"":""addr_test1qpqg36cfkmk7y48cd0e8e40vq844asq477xhn229e94ztvevm42fzlv4zpaes62whlchd96dcsqsy7nc5fhz9tv35yespryvga"",""nonce"":12682285}","{""1"": ""0x188a83800f13f1a579a4a3693925c6abd331cacf6cc7293931a3c2acd9a4e1cd"", ""2"": ""0x567dcc4d6cc9313915dfb49472b8c424712b1ac60d3142149d1489becc4f7b44"", ""3"": ""0x004088eb09b6ede254f86bf27cd5ec01eb5ec015f78d79a945c96a25b32cdd54917d95107b98694ebff176974dc401027a78a26e22ad91a133"", ""4"": 12682285}",563b7c3a07ca6ad49d599747d1c9b6843c359a840d04a4558e39ecdf5360f621,"[{""address"":""addr_test1qpqg36cfkmk7y48cd0e8e40vq844asq477xhn229e94ztvevm42fzlv4zpaes62whlchd96dcsqsy7nc5fhz9tv35yespryvga"",""amount"":[{""unit"":""lovelace"",""quantity"":""4996316943""}],""tx_hash"":""90b032457a2aaf65c3ed2f54e482ca94fa2477bc8f911c5f421f886534db7b19"",""output_index"":0,""data_hash"":null,""inline_datum"":null,""reference_script_hash"":null,""collateral"":false,""reference"":false}]","[{""address"":""addr_test1qpqg36cfkmk7y48cd0e8e40vq844asq477xhn229e94ztvevm42fzlv4zpaes62whlchd96dcsqsy7nc5fhz9tv35yespryvga"",""amount"":[{""unit"":""lovelace"",""quantity"":""4996140486""}],""output_index"":0,""data_hash"":null,""inline_datum"":null,""collateral"":false,""reference_script_hash"":null,""consumed_by_tx"":null}]",cip15,3/20/2023 18:51,146,stake_test1uqkd64y30k23q7ucd98tlutkjaxugqgz0fu2ym3z4kg6zvc9p0tgd,ed25519_pk12e7ucntveycnj9wlkj289wxyy3cjkxkxp5c5y9yazjymanz00dzq950pk8
3,86283f76df5b6da311ed99a25183795a7b3990de73131f452a7162238d6f2ff8,"{""voter_delegations"":[{""voting_key"":""e8c2be3fbecd5847421117e435ed3f9f0ae7feb14f8d3d4d57adb6515bf54c6c"",""votePublicKey"":""ed25519_pk1arptu0a7e4vywss3zljrtmflnu9w0l43f7xn6n2h4km9zkl4f3kq4gl4yh"",""weight"":1,""catId"":""ca1qh5v903lhmx4s36zzyt7gd0d870s4el7k98c602d27kmv52m74xxcvd5wkv""}],""txType"":""cip15"",""stake_pub"":""ed25519_pk1psrwmyu2y5a9annaax8jnv67w30vkjvnff45kdsmd7rgxz5k7rmshdgrwh"",""stake_hex"":""e09ec09c3bfb1930b9d8e5d60a1204260f50e153481434f8559cd908c3"",""stake_key"":""stake_test1uz0vp8pmlvvnpwwcuhtq5ysyyc84pc2nfq2rf7z4nnvs3scy6kcwl"",""payment_address"":""addr_test1qqmxqe9s6wy7md7aqfsf0afh45cfd5hav5uuqkckvd37a5u7czwrh7cexzua3ewkpgfqgfs02rs4xjq5xnu9t8xeprpsxrkujf"",""nonce"":13150467}","{""1"": ""0xe8c2be3fbecd5847421117e435ed3f9f0ae7feb14f8d3d4d57adb6515bf54c6c"", ""2"": ""0x0c06ed938a253a5ece7de98f29b35e745ecb49934a6b4b361b6f86830a96f0f7"", ""3"": ""0x00366064b0d389edb7dd026097f537ad3096d2fd6539c05b166363eed39ec09c3bfb1930b9d8e5d60a1204260f50e153481434f8559cd908c3"", ""4"": 13150467}",c8e865d6220960c63fc706634ff679ed31a6ccc4d260a46caa76930c7c2a6ace,"[{""address"":""addr_test1qqtkmhhmnc683tlmt2jl40zvzz92y0dkcpjm4yd8uq39ezu7czwrh7cexzua3ewkpgfqgfs02rs4xjq5xnu9t8xeprpsvmh72c"",""amount"":[{""unit"":""lovelace"",""quantity"":""901262940""}],""tx_hash"":""dd54972424506951a47b3bcd83910bc486440037e7f05071153c483bc895d312"",""output_index"":0,""data_hash"":null,""inline_datum"":null,""reference_script_hash"":null,""collateral"":false,""reference"":false}]","[{""address"":""addr_test1qq2490a9elhx6558kgqcuawxqarfn29s6n6q7hu27dv57n57czwrh7cexzua3ewkpgfqgfs02rs4xjq5xnu9t8xeprpsevrf3x"",""amount"":[{""unit"":""lovelace"",""quantity"":""901086659""}],""output_index"":0,""data_hash"":null,""inline_datum"":null,""collateral"":false,""reference_script_hash"":null,""consumed_by_tx"":""41f61ad4c107ac0315cce6391c5b7beea43d30dcb767f2a3ed7d90a584e17a33""}]",cip15,3/26/2023 4:54,152,stake_test1uz0vp8pmlvvnpwwcuhtq5ysyyc84pc2nfq2rf7z4nnvs3scy6kcwl,ed25519_pk1psrwmyu2y5a9annaax8jnv67w30vkjvnff45kdsmd7rgxz5k7rmshdgrwh
4,de74907b51889a9e5ed5cc65827cbfbf71381f40e999753ae45fc4d2d16aa12d,"{""voter_delegations"":[{""voting_key"":""ad9689a6f954e380a8026c52a0f7f1fc91f373147543e0cd6dfd3216b5deed51"",""votePublicKey"":""ed25519_pk14ktgnfhe2n3cp2qzd3f2pal3ljglxuc5w4p7pntdl5epddw7a4gsy6rhgk"",""weight"":1,""catId"":""ca1qkkedzdxl92w8q9gqfk99g8h787frumnz3658cxddh7ny944mmk4zu4y50e""}],""txType"":""cip15"",""stake_pub"":""ed25519_pk1psrwmyu2y5a9annaax8jnv67w30vkjvnff45kdsmd7rgxz5k7rmshdgrwh"",""stake_hex"":""e09ec09c3bfb1930b9d8e5d60a1204260f50e153481434f8559cd908c3"",""stake_key"":""stake_test1uz0vp8pmlvvnpwwcuhtq5ysyyc84pc2nfq2rf7z4nnvs3scy6kcwl"",""payment_address"":""addr_test1qqmxqe9s6wy7md7aqfsf0afh45cfd5hav5uuqkckvd37a5u7czwrh7cexzua3ewkpgfqgfs02rs4xjq5xnu9t8xeprpsxrkujf"",""nonce"":13150498}","{""1"": ""0xad9689a6f954e380a8026c52a0f7f1fc91f373147543e0cd6dfd3216b5deed51"", ""2"": ""0x0c06ed938a253a5ece7de98f29b35e745ecb49934a6b4b361b6f86830a96f0f7"", ""3"": ""0x00366064b0d389edb7dd026097f537ad3096d2fd6539c05b166363eed39ec09c3bfb1930b9d8e5d60a1204260f50e153481434f8559cd908c3"", ""4"": 13150498}",16c6a1c71e086fd1b0818bf967556240b0d98266b3294d4eff8b8f66d5b41e64,"[{""address"":""addr_test1qrn9jsnu3alue09ht4a56s50mtpta7wyswq9ws2g5xt3dtu7czwrh7cexzua3ewkpgfqgfs02rs4xjq5xnu9t8xeprpsrcst3c"",""amount"":[{""unit"":""lovelace"",""quantity"":""520814310""}],""tx_hash"":""fd66fdcfad7b43d2f832b663e64edfdd71057fb11c3dfc1c5050c35cc1fe0d3f"",""output_index"":0,""data_hash"":null,""inline_datum"":null,""reference_script_hash"":null,""collateral"":false,""reference"":false}]","[{""address"":""addr_test1qq2490a9elhx6558kgqcuawxqarfn29s6n6q7hu27dv57n57czwrh7cexzua3ewkpgfqgfs02rs4xjq5xnu9t8xeprpsevrf3x"",""amount"":[{""unit"":""lovelace"",""quantity"":""520638029""}],""output_index"":0,""data_hash"":null,""inline_datum"":null,""collateral"":false,""reference_script_hash"":null,""consumed_by_tx"":null}]",cip15,3/26/2023 4:55,152,stake_test1uz0vp8pmlvvnpwwcuhtq5ysyyc84pc2nfq2rf7z4nnvs3scy6kcwl,ed25519_pk1psrwmyu2y5a9annaax8jnv67w30vkjvnff45kdsmd7rgxz5k7rmshdgrwh
5,8037315660b1e58ca80c14fadde44127eeeb1f8321d521a265c4cb0acf79d123,"{""voter_delegations"":[{""voting_key"":""cd65bbcfbc97772b6a2c40fb2c5a5697e71bebd9df7163cb89a1ac3464563790"",""votePublicKey"":""ed25519_pk1e4jmhnaujamjk63vgrajckjkjln3h67emack8juf5xkrgezkx7gqwm4m92"",""weight"":1,""catId"":""ca1qhxktw70hjthw2m293q0ktz626t7wxltm80hzc7t3xs6cdry2cmeqemuwxg""}],""txType"":""cip15"",""stake_pub"":""ed25519_pk1gvv4gxuhvdr34ygr0cnc43syqekdpx4zc2mtz6xx5yk52ng8agdsp8xhfk"",""stake_hex"":""e0b1e2bad83f9b50784fa61ad21b10d5de7cad917d2b8542007362b231"",""stake_key"":""stake_test1uzc79wkc87d4q7z05cddyxcs6h08etv3054c2ssqwd3tyvglgz92l"",""payment_address"":""addr_test1qqj5ed7urj2mlevksrmppytlaaxlx8t3fz9kgtzqr8rpp8d3u2ads0um2puylfs66gd3p4w70jkezlfts4pqqumzkgcskd0d64"",""nonce"":14592620}","{""1"": ""0xcd65bbcfbc97772b6a2c40fb2c5a5697e71bebd9df7163cb89a1ac3464563790"", ""2"": ""0x4319541b9763471a91037e278ac604066cd09aa2c2b6b168c6a12d454d07ea1b"", ""3"": ""0x00254cb7dc1c95bfe59680f610917fef4df31d71488b642c4019c6109db1e2bad83f9b50784fa61ad21b10d5de7cad917d2b8542007362b231"", ""4"": 14592620}",dc1654505d016e4dcf589bf1d4bb47515b3581e0f66acdf23a9ed005e1c4359c,"[{""address"":""addr_test1qq2c2mgqre07qalcx9k7thmk0qd260tt4p5ah29ywa698h43u2ads0um2puylfs66gd3p4w70jkezlfts4pqqumzkgcs2qjak5"",""amount"":[{""unit"":""lovelace"",""quantity"":""4996316943""}],""tx_hash"":""92ef20e9a3b46e7b80bedc5898af8fc797363d360443d64f08b796b4c13aec77"",""output_index"":0,""data_hash"":null,""inline_datum"":null,""reference_script_hash"":null,""collateral"":false,""reference"":false}]","[{""address"":""addr_test1qz5ptcl5hw6ydvp3pj938uwc0ga0224kzgucqnzgyxk7us43u2ads0um2puylfs66gd3p4w70jkezlfts4pqqumzkgcskt7d58"",""amount"":[{""unit"":""lovelace"",""quantity"":""4996140486""}],""output_index"":0,""data_hash"":null,""inline_datum"":null,""collateral"":false,""reference_script_hash"":null,""consumed_by_tx"":""548f58a5d806b3148aae64803cba80943e6062bc6f3c385308610d733a487713""}]",cip15,4/11/2023 21:31,168,stake_test1uzc79wkc87d4q7z05cddyxcs6h08etv3054c2ssqwd3tyvglgz92l,ed25519_pk1gvv4gxuhvdr34ygr0cnc43syqekdpx4zc2mtz6xx5yk52ng8agdsp8xhfk
6,326d43d877595d7a261730547a9abea8ac542545d9d9ea12ae13e2aea5765262,"{""voter_delegations"":[{""voting_key"":""982fc71d5178bc1ddbadcc126179acd94d0eeb89898b47639eae87b23204fd74"",""votePublicKey"":""ed25519_pk1nqhuw8230z7pmkadesfxz7dvm9xsa6uf3x95wcu746rmyvsyl46qkww8jh"",""weight"":1,""catId"":""ca1qkvzl3ca29utc8wm4hxpycte4nv56rht3xyck3mrn6hg0v3jqn7hg3rvv8p""}],""txType"":""cip15"",""stake_pub"":""ed25519_pk1gvv4gxuhvdr34ygr0cnc43syqekdpx4zc2mtz6xx5yk52ng8agdsp8xhfk"",""stake_hex"":""e0b1e2bad83f9b50784fa61ad21b10d5de7cad917d2b8542007362b231"",""stake_key"":""stake_test1uzc79wkc87d4q7z05cddyxcs6h08etv3054c2ssqwd3tyvglgz92l"",""payment_address"":""addr_test1qqj5ed7urj2mlevksrmppytlaaxlx8t3fz9kgtzqr8rpp8d3u2ads0um2puylfs66gd3p4w70jkezlfts4pqqumzkgcskd0d64"",""nonce"":14592682}","{""1"": ""0x982fc71d5178bc1ddbadcc126179acd94d0eeb89898b47639eae87b23204fd74"", ""2"": ""0x4319541b9763471a91037e278ac604066cd09aa2c2b6b168c6a12d454d07ea1b"", ""3"": ""0x00254cb7dc1c95bfe59680f610917fef4df31d71488b642c4019c6109db1e2bad83f9b50784fa61ad21b10d5de7cad917d2b8542007362b231"", ""4"": 14592682}",24bdcd7432f567fb8b49241981edc1277e0ccf4e0cb3b6a971d3b5e3d96f98e0,"[{""address"":""addr_test1qq2c2mgqre07qalcx9k7thmk0qd260tt4p5ah29ywa698h43u2ads0um2puylfs66gd3p4w70jkezlfts4pqqumzkgcs2qjak5"",""amount"":[{""unit"":""lovelace"",""quantity"":""2498250000""}],""tx_hash"":""92ef20e9a3b46e7b80bedc5898af8fc797363d360443d64f08b796b4c13aec77"",""output_index"":2,""data_hash"":null,""inline_datum"":null,""reference_script_hash"":null,""collateral"":false,""reference"":false}]","[{""address"":""addr_test1qz5ptcl5hw6ydvp3pj938uwc0ga0224kzgucqnzgyxk7us43u2ads0um2puylfs66gd3p4w70jkezlfts4pqqumzkgcskt7d58"",""amount"":[{""unit"":""lovelace"",""quantity"":""2498073719""}],""output_index"":0,""data_hash"":null,""inline_datum"":null,""collateral"":false,""reference_script_hash"":null,""consumed_by_tx"":null}]",cip15,4/11/2023 21:33,168,stake_test1uzc79wkc87d4q7z05cddyxcs6h08etv3054c2ssqwd3tyvglgz92l,ed25519_pk1gvv4gxuhvdr34ygr0cnc43syqekdpx4zc2mtz6xx5yk52ng8agdsp8xhfk
7,f25dd451c11a9c7526cc34929b0f1e223b23b47fd13ddca66f451be53e045843,"{""voter_delegations"":[{""voting_key"":""f5bd919a57ef25051c076935f7f26f12c141746875fb940960e7c83094f7b8e1"",""votePublicKey"":""ed25519_pk17k7erxjhaujs28q8dy6l0un0ztq5zargwhaegztqulyrp98hhrss3advd9"",""weight"":1,""catId"":""ca1qh6mmyv62lhj2pguqa5ntaljdufvzst5dp6lh9qfvrnusvy577uwzs4a4ph""}],""txType"":""cip15"",""stake_pub"":""ed25519_pk13ta2gw0gwu6tr6vshtnnw3ufja626dd2u22ts67zy9cn4dc4v4yqmc3rqv"",""stake_hex"":""e07af343f151cd48477c4b0e6bbc2354c121305c23efbc8e82cf88aa19"",""stake_key"":""stake_test1upa0xsl328x5s3mufv8xh0pr2nqjzvzuy0hmer5ze7y25xg03s5uj"",""payment_address"":""stake_test1upa0xsl328x5s3mufv8xh0pr2nqjzvzuy0hmer5ze7y25xg03s5uj"",""nonce"":16292582}","{""1"": ""0xf5bd919a57ef25051c076935f7f26f12c141746875fb940960e7c83094f7b8e1"", ""2"": ""0x8afaa439e87734b1e990bae73747899774ad35aae294b86bc221713ab7156548"", ""3"": ""0xe07af343f151cd48477c4b0e6bbc2354c121305c23efbc8e82cf88aa19"", ""4"": 16292582}",6a2ab49a4af70b7009c4fb3b0241187cd24230c638ec2c0cb72ec97bd5d4a135,"[{""address"":""addr_test1qqluavkc6y8vuvsgru88xvepdhhjsczqs4myfm2s3jctrsr67dplz5wdfprhcjcwdw7zx4xpyyc9cgl0hj8g9nug4gvs7sptsc"",""amount"":[{""unit"":""lovelace"",""quantity"":""23000000""}],""tx_hash"":""2c3e7d40abc929b93143b405f463ae8b35772e31ca6bdaef7ad986dc845c2ab1"",""output_index"":0,""data_hash"":null,""inline_datum"":null,""reference_script_hash"":null,""collateral"":false,""reference"":false}]","[{""address"":""addr_test1qpu2rvu5rm96c82zyqqlr7d7xth5tgr4h9n45tsf8260rrn67dplz5wdfprhcjcwdw7zx4xpyyc9cgl0hj8g9nug4gvs5hg07t"",""amount"":[{""unit"":""lovelace"",""quantity"":""1000000""}],""output_index"":0,""data_hash"":null,""inline_datum"":null,""collateral"":false,""reference_script_hash"":null,""consumed_by_tx"":null},{""address"":""addr_test1qzxw79wqqrg9vvyaz9p9ju4a2txt70pfvdakenjj7qcanpn67dplz5wdfprhcjcwdw7zx4xpyyc9cgl0hj8g9nug4gvs2u6qpw"",""amount"":[{""unit"":""lovelace"",""quantity"":""21821739""}],""output_index"":1,""data_hash"":null,""inline_datum"":null,""collateral"":false,""reference_script_hash"":null,""consumed_by_tx"":null}]",cip15,5/1/2023 13:44,188,stake_test1upa0xsl328x5s3mufv8xh0pr2nqjzvzuy0hmer5ze7y25xg03s5uj,ed25519_pk13ta2gw0gwu6tr6vshtnnw3ufja626dd2u22ts67zy9cn4dc4v4yqmc3rqv
8,84838e74a1dbb9100b01f4991f7f9971ea218f2857da41bfe9c28ed0febf1092,"{""voter_delegations"":[{""voting_key"":""9151157959a602461fdfe67f2c373b7acf9d91de45deadaf1f2ee8d5e6745433"",""votePublicKey"":""ed25519_pk1j9g3272e5cpyv87lueljcdem0t8emyw7gh02mtcl9m5dten52sesf3nxul"",""weight"":1,""catId"":""ca1qkg4z9tetxnqy3slmln87tph8davl8v3mezaatd0ruhw340xw32rx27caue""}],""txType"":""cip15"",""stake_pub"":""ed25519_pk1x5l0a7s6qjz77mjtex8ldmq6hfey9mhmfuwxaezl583267d03gcqvxf6hc"",""stake_hex"":""e01cfbd61d4954cabe849feb14a7d2c498a3e7ff482f117947fa72766a"",""stake_key"":""stake_test1uqw0h4saf92v405ynl43ff7jcjv28ellfqh3z728lfe8v6s0y7ep6"",""payment_address"":""stake_test1uqw0h4saf92v405ynl43ff7jcjv28ellfqh3z728lfe8v6s0y7ep6"",""nonce"":16304201}","{""1"": ""0x9151157959a602461fdfe67f2c373b7acf9d91de45deadaf1f2ee8d5e6745433"", ""2"": ""0x353efefa1a0485ef6e4bc98ff6ec1aba7242eefb4f1c6ee45fa1e2ad79af8a30"", ""3"": ""0xe01cfbd61d4954cabe849feb14a7d2c498a3e7ff482f117947fa72766a"", ""4"": 16304201}",9436b0021c5b23049c2b3935fe75302fb03aeb55180c6df6cd7d5b004d94fc19,"[{""address"":""addr_test1qq4cy8pvlk66ynzxm7zphuah84gk4qep5m4r70x9jzg38agul0tp6j25e2lgf8ltzjna93yc50nl7jp0z9u507njwe4qgsh75h"",""amount"":[{""unit"":""lovelace"",""quantity"":""9292692786""}],""tx_hash"":""b306d7d9fc6247f8900c4ffbc77587b43b0ebb9896fc3794102f446021456bf3"",""output_index"":0,""data_hash"":null,""inline_datum"":null,""reference_script_hash"":null,""collateral"":false,""reference"":false}]","[{""address"":""addr_test1qryzr5e3pn0redfzh9t22j6zvdvq4f6s0l2xz6avkrdh45qul0tp6j25e2lgf8ltzjna93yc50nl7jp0z9u507njwe4q5ht92y"",""amount"":[{""unit"":""lovelace"",""quantity"":""1000000""}],""output_index"":0,""data_hash"":null,""inline_datum"":null,""collateral"":false,""reference_script_hash"":null,""consumed_by_tx"":null},{""address"":""addr_test1qrpuadptgkw7mc2hzackpdh9hujmhx4ykwwgh9unu23mwvsul0tp6j25e2lgf8ltzjna93yc50nl7jp0z9u507njwe4qmad9wv"",""amount"":[{""unit"":""lovelace"",""quantity"":""9291514349""}],""output_index"":1,""data_hash"":null,""inline_datum"":null,""collateral"":false,""reference_script_hash"":null,""consumed_by_tx"":""f8703b09bebc509af03a80bb0a175fac47f9fed3c37397d3519f1d6ccf43a55e""}]",cip15,5/1/2023 16:57,188,stake_test1uqw0h4saf92v405ynl43ff7jcjv28ellfqh3z728lfe8v6s0y7ep6,ed25519_pk1x5l0a7s6qjz77mjtex8ldmq6hfey9mhmfuwxaezl583267d03gcqvxf6hc
9,c2b9b7302910bc82f22f5b6bf15b58a9e124c451ac259eec1650cb1cd1ec347b,"{""voter_delegations"":[{""voting_key"":""42c097eb619bd7911a4a01ed15f529243195a4db4664691652a05e5fc9ce6aaf"",""votePublicKey"":""ed25519_pk1gtqf06mpn0tezxj2q8k3taffyscetfxmgejxj9jj5p09ljwwd2hsvl5fsp"",""weight"":1,""catId"":""ca1q4pvp9ltvxda0yg6fgq769049yjrr9dymdrxg6gk22s9uh7fee4270ku6xh""}],""txType"":""cip15"",""stake_pub"":""ed25519_pk12nullkcadg38z52qrrvf2c6n2fdkdngx3fdp740pad0cmaupz5zsw8j2zt"",""stake_hex"":""e0843f85ed1e51cf58b0e63f9668841568a1bbcbe9a63af79dfa4ab7cf"",""stake_key"":""stake_test1uzzrlp0dregu7k9suclev6yyz452rw7taxnr4aualf9t0ncrrug5t"",""payment_address"":""stake_test1uzzrlp0dregu7k9suclev6yyz452rw7taxnr4aualf9t0ncrrug5t"",""nonce"":16305871}","{""1"": ""0x42c097eb619bd7911a4a01ed15f529243195a4db4664691652a05e5fc9ce6aaf"", ""2"": ""0x54f9ffdb1d6a2271514018d8956353525b66cd068a5a1f55e1eb5f8df7811505"", ""3"": ""0xe0843f85ed1e51cf58b0e63f9668841568a1bbcbe9a63af79dfa4ab7cf"", ""4"": 16305871}",65613a0a077010b392bff791201dc486ec60b17823dde108a5ffd4dd53d58bb9,"[{""address"":""addr_test1qqdlqw78s5qsu3yqwaa4tcjj0rpdu0aqrn698w632w3wve5y87z768j3eavtpe3lje5gg9tg5xauh6dx8tmem7j2kl8s39h8pn"",""amount"":[{""unit"":""lovelace"",""quantity"":""30247410""}],""tx_hash"":""4711839aad8295e4c2499b147543fb4fa98159e5de5d8d1cd84a01ca6e73753a"",""output_index"":0,""data_hash"":null,""inline_datum"":null,""reference_script_hash"":null,""collateral"":false,""reference"":false}]","[{""address"":""addr_test1qzqz4nvm9ek7fqjy42fshjajdwkpwf2qq820m3ywfkuqqauy87z768j3eavtpe3lje5gg9tg5xauh6dx8tmem7j2kl8sjer02j"",""amount"":[{""unit"":""lovelace"",""quantity"":""1000000""}],""output_index"":0,""data_hash"":null,""inline_datum"":null,""collateral"":false,""reference_script_hash"":null,""consumed_by_tx"":null},{""address"":""addr_test1qrhawjtz8q0cmhv0kxzagzxt7tr0s32uljhy8hu7jqd63zyy87z768j3eavtpe3lje5gg9tg5xauh6dx8tmem7j2kl8s0jmfwh"",""amount"":[{""unit"":""lovelace"",""quantity"":""29069149""}],""output_index"":1,""data_hash"":null,""inline_datum"":null,""collateral"":false,""reference_script_hash"":null,""consumed_by_tx"":null}]",cip15,5/1/2023 17:25,188,stake_test1uzzrlp0dregu7k9suclev6yyz452rw7taxnr4aualf9t0ncrrug5t,ed25519_pk12nullkcadg38z52qrrvf2c6n2fdkdngx3fdp740pad0cmaupz5zsw8j2zt
10,ff1ee75acda4eddea6a4802e18187000d01650255340792679e1facc224a7165,"{""voter_delegations"":[{""voting_key"":""e091a141b6c1404a86cb890e609521f71776b2edf6c88e248f1767d1c3945c3e"",""votePublicKey"":""ed25519_pk1uzg6zsdkc9qy4pkt3y8xp9fp7uthdvhd7mygufy0zanarsu5tslqazwytx"",""weight"":1,""catId"":""ca1qhsfrg2pkmq5qj5xewysucy4y8m3wa4jahmv3r3y3utk05wrj3wruwzysf8""}],""txType"":""cip36"",""stake_pub"":""ed25519_pk1znh0p95t756zdcpn3huhl94fxycrhaqccj2ccx9n2tm5hdecweyqvjaadk"",""stake_hex"":""e04be0b3273e5921f07ac7f5549dcb0c61ef2f1048d735023159186935"",""stake_key"":""stake_test1up97pve88evjrur6cl64f8wtp3s77tcsfrtn2q33tyvxjdg7nd4kw"",""payment_address"":""addr_test1qqgu546rqxzskc4ph9aap6z4cgztezyv0s5k6yn7rr8yh4ztuzejw0jey8c843l42jwukrrpauh3qjxhx5przkgcdy6snay6zx"",""nonce"":16950871,""voting_purpose"":0}","{""1"": [[""0xe091a141b6c1404a86cb890e609521f71776b2edf6c88e248f1767d1c3945c3e"", 1]], ""2"": ""0x14eef0968bf53426e0338df97f96a931303bf418c4958c18b352f74bb7387648"", ""3"": ""0x0011ca574301850b62a1b97bd0e855c204bc888c7c296d127e18ce4bd44be0b3273e5921f07ac7f5549dcb0c61ef2f1048d735023159186935"", ""4"": 16950871, ""5"": 0}",2ffa4ad581bb7a84960a53778729778be2abdf457739472d988816e4465a9001,"[{""address"":""addr_test1qqgu546rqxzskc4ph9aap6z4cgztezyv0s5k6yn7rr8yh4ztuzejw0jey8c843l42jwukrrpauh3qjxhx5przkgcdy6snay6zx"",""amount"":[{""unit"":""lovelace"",""quantity"":""9770710054""}],""tx_hash"":""1130677f7f2860e70b0c808a665cb826c378425b3c43c3cecb35248b3f5ca3ad"",""output_index"":2,""data_hash"":null,""inline_datum"":null,""reference_script_hash"":null,""collateral"":false,""reference"":false}]","[{""address"":""addr_test1qq5t35deptd79qw6g3fyc92vexpnt2nemmkzdl4lmpckrf6tuzejw0jey8c843l42jwukrrpauh3qjxhx5przkgcdy6stcujn2"",""amount"":[{""unit"":""lovelace"",""quantity"":""1000000""}],""output_index"":0,""data_hash"":null,""inline_datum"":null,""collateral"":false,""reference_script_hash"":null,""consumed_by_tx"":null},{""address"":""addr_test1qq5t35deptd79qw6g3fyc92vexpnt2nemmkzdl4lmpckrf6tuzejw0jey8c843l42jwukrrpauh3qjxhx5przkgcdy6stcujn2"",""amount"":[{""unit"":""lovelace"",""quantity"":""1000000""}],""output_index"":1,""data_hash"":null,""inline_datum"":null,""collateral"":false,""reference_script_hash"":null,""consumed_by_tx"":null},{""address"":""addr_test1qq5t35deptd79qw6g3fyc92vexpnt2nemmkzdl4lmpckrf6tuzejw0jey8c843l42jwukrrpauh3qjxhx5przkgcdy6stcujn2"",""amount"":[{""unit"":""lovelace"",""quantity"":""1000000""}],""output_index"":2,""data_hash"":null,""inline_datum"":null,""collateral"":false,""reference_script_hash"":null,""consumed_by_tx"":null},{""address"":""addr_test1qq5t35deptd79qw6g3fyc92vexpnt2nemmkzdl4lmpckrf6tuzejw0jey8c843l42jwukrrpauh3qjxhx5przkgcdy6stcujn2"",""amount"":[{""unit"":""lovelace"",""quantity"":""1000000""}],""output_index"":3,""data_hash"":null,""inline_datum"":null,""collateral"":false,""reference_script_hash"":null,""consumed_by_tx"":null},{""address"":""addr_test1qq5t35deptd79qw6g3fyc92vexpnt2nemmkzdl4lmpckrf6tuzejw0jey8c843l42jwukrrpauh3qjxhx5przkgcdy6stcujn2"",""amount"":[{""unit"":""lovelace"",""quantity"":""1000000""}],""output_index"":4,""data_hash"":null,""inline_datum"":null,""collateral"":false,""reference_script_hash"":null,""consumed_by_tx"":null},{""address"":""addr_test1qq5t35deptd79qw6g3fyc92vexpnt2nemmkzdl4lmpckrf6tuzejw0jey8c843l42jwukrrpauh3qjxhx5przkgcdy6stcujn2"",""amount"":[{""unit"":""lovelace"",""quantity"":""9765518989""}],""output_index"":5,""data_hash"":null,""inline_datum"":null,""collateral"":false,""reference_script_hash"":null,""consumed_by_tx"":""bc619269940bc1f3a7aacc97692deaaf5511ca1b024333681e65e29979e7637f""}]",cip36,5/9/2023 4:42,196,stake_test1up97pve88evjrur6cl64f8wtp3s77tcsfrtn2q33tyvxjdg7nd4kw,ed25519_pk1znh0p95t756zdcpn3huhl94fxycrhaqccj2ccx9n2tm5hdecweyqvjaadk
11,c08c9807cf3c81e9e4a0f1c4d3401aad682943d27ad98dcf5630a46b91d6f07d,"{""voter_delegations"":[{""voting_key"":""56793e524491588132f80ede075b7a278ec9e461fdfcfdc386950cc1e6cd4698"",""votePublicKey"":""ed25519_pk12eunu5jyj9vgzvhcpm0qwkm6y78vnerplh70msuxj5xvrekdg6vq2qx52n"",""weight"":1,""catId"":""ca1q4t8j0jjgjg43qfjlq8dup6m0gncaj0yv87lelwrs62ses0xe4rfschu50m""}],""txType"":""cip15"",""stake_pub"":""ed25519_pk1l28gdfydpje3u5rkwqx46aau9s58uqk0vulrk3e08ej3d6f09vdq5ydgp4"",""stake_hex"":""e09f30d2ecab2e5c42bcc6cda2133b2ffe161ae316c88b93ef5c97f11e"",""stake_key"":""stake_test1uz0np5hv4vh9cs4ucmx6yyem9llpvxhrzmyghyl0tjtlz8scy4n8d"",""payment_address"":""addr_test1qzasfqpdwpks2nnjy5vpynzhz4ur67wj5yqvyjms4lxmtuvlxrfwe2ewt3pte3kd5gfnktl7zcdwx9kg3wf77hyh7y0qhn3k2e"",""nonce"":18174053}","{""1"": ""0x56793e524491588132f80ede075b7a278ec9e461fdfcfdc386950cc1e6cd4698"", ""2"": ""0xfa8e86a48d0cb31e5076700d5d77bc2c287e02cf673e3b472f3e6516e92f2b1a"", ""3"": ""0x00bb04802d706d054e722518124c5715783d79d2a100c24b70afcdb5f19f30d2ecab2e5c42bcc6cda2133b2ffe161ae316c88b93ef5c97f11e"", ""4"": 18174053}",ee2d8dd6fa7ec4d416937cf556ff8a75f5c07dfdeeffbae44bf4c4b009c54a57,"[{""address"":""addr_test1qra8ha3cs0jzpycr87qdhvaevjyvkjvv0azwkqknjj6ftw5lxrfwe2ewt3pte3kd5gfnktl7zcdwx9kg3wf77hyh7y0qcm9tcv"",""amount"":[{""unit"":""lovelace"",""quantity"":""4707103058""}],""tx_hash"":""e4bebf2e449bd258b508b9875fff3459218a76c994d923cb47646b6be2d1c1f6"",""output_index"":0,""data_hash"":null,""inline_datum"":null,""reference_script_hash"":null,""collateral"":false,""reference"":false}]","[{""address"":""addr_test1qrw5u3s8x2ccr4f6ugw4cra6xpdde582rl59m6a36fl9kvulxrfwe2ewt3pte3kd5gfnktl7zcdwx9kg3wf77hyh7y0q80vyrz"",""amount"":[{""unit"":""lovelace"",""quantity"":""4706926601""}],""output_index"":0,""data_hash"":null,""inline_datum"":null,""collateral"":false,""reference_script_hash"":null,""consumed_by_tx"":null}]",cip15,5/23/2023 8:21,210,stake_test1uz0np5hv4vh9cs4ucmx6yyem9llpvxhrzmyghyl0tjtlz8scy4n8d,ed25519_pk1l28gdfydpje3u5rkwqx46aau9s58uqk0vulrk3e08ej3d6f09vdq5ydgp4
12,8c7ea1730a9cb39810d25d5be986a7c655603543cb0a8621f3fd1dbe16cda8b0,"{""voter_delegations"":[{""voting_key"":""56f79a24a93baf236e29544ff00b368f0186b2bd30029fa764d46570eb1d1355"",""votePublicKey"":""ed25519_pk12mme5f9f8whjxm3f238lqzek3uqcdv4axqpflfmy63jhp6cazd2s4n8qth"",""weight"":1,""catId"":""ca1q4t00x3y4ya67gmw992yluqtx68srp4jh5cq98a8vn2x2u8tr5f42s5zwtk""}],""txType"":""cip15"",""stake_pub"":""ed25519_pk1uc3fccu7nzn64mkdgyluph9pfwtw5xxmdqvqr2xs05s65tlwvlvq4sqhlh"",""stake_hex"":""e0dc16a061f126e58654c2d2829aac6db71c131400d1706ea8b56a5dbc"",""stake_key"":""stake_test1urwpdgrp7ynwtpj5ctfg9x4vdkm3cyc5qrghqm4gk449m0qleqlax"",""payment_address"":""addr_test1qzr3pvxmnm5yzhymjnvvns25zkkz2xgxgn6d0ut3s48mvpwuz6sxrufxukr9fskjs2d2cmdhrsf3gqx3wph23dt2tk7q4f3ftv"",""nonce"":18702623}","{""1"": ""0x56f79a24a93baf236e29544ff00b368f0186b2bd30029fa764d46570eb1d1355"", ""2"": ""0xe6229c639e98a7aaeecd413fc0dca14b96ea18db681801a8d07d21aa2fee67d8"", ""3"": ""0x008710b0db9ee8415c9b94d8c9c15415ac25190644f4d7f171854fb605dc16a061f126e58654c2d2829aac6db71c131400d1706ea8b56a5dbc"", ""4"": 18702623}",81cdeff346b8345305661938b3dd0c78d7ab435cdc807d546283f6e1456f9195,"[{""address"":""addr_test1qqhdn6r7jtr9gen3jshpht65qu5tczzddfffwn8zckrwzaxuz6sxrufxukr9fskjs2d2cmdhrsf3gqx3wph23dt2tk7qqrezcd"",""amount"":[{""unit"":""lovelace"",""quantity"":""10000000000""}],""tx_hash"":""31419ef4547caa31e89586c01c106e39c532ab171217162bca63d1080a55d57a"",""output_index"":0,""data_hash"":null,""inline_datum"":null,""reference_script_hash"":null,""collateral"":false,""reference"":false}]","[{""address"":""addr_test1qrawj6nfdw3x60cudvf5xcw4sr6pfu03tvres0m62pk0aukuz6sxrufxukr9fskjs2d2cmdhrsf3gqx3wph23dt2tk7qnwrlzg"",""amount"":[{""unit"":""lovelace"",""quantity"":""9999823543""}],""output_index"":0,""data_hash"":null,""inline_datum"":null,""collateral"":false,""reference_script_hash"":null,""consumed_by_tx"":""5bcc2eae908508f5f7f583837fc4968244734d9f3b5ac5fa6e007697f1702038""}]",cip15,5/29/2023 11:12,216,stake_test1urwpdgrp7ynwtpj5ctfg9x4vdkm3cyc5qrghqm4gk449m0qleqlax,ed25519_pk1uc3fccu7nzn64mkdgyluph9pfwtw5xxmdqvqr2xs05s65tlwvlvq4sqhlh
13,f14223856cd3ad4fcb90101bc63dc4bed86b7acb437d44b60bc892e801c0fb7e,"{""voter_delegations"":[{""voting_key"":""8dbb711f8d5b6424613076e2714e748e7b61f8710fdab7bfe3e3a50d3f762611"",""votePublicKey"":""ed25519_pk13kahz8udtdjzgcfswm38znn53eakr7r3pldt00lruwjs60mkycgst3cd0r"",""weight"":1,""catId"":""ca1qkxmkugl34dkgfrpxpmwyu2wwj88kc0cwy8a4dalu0362rflwcnpz0wn2ml""}],""txType"":""cip36"",""stake_pub"":""ed25519_pk1znh0p95t756zdcpn3huhl94fxycrhaqccj2ccx9n2tm5hdecweyqvjaadk"",""stake_hex"":""e04be0b3273e5921f07ac7f5549dcb0c61ef2f1048d735023159186935"",""stake_key"":""stake_test1up97pve88evjrur6cl64f8wtp3s77tcsfrtn2q33tyvxjdg7nd4kw"",""payment_address"":""addr_test1qqgu546rqxzskc4ph9aap6z4cgztezyv0s5k6yn7rr8yh4ztuzejw0jey8c843l42jwukrrpauh3qjxhx5przkgcdy6snay6zx"",""nonce"":19381462,""voting_purpose"":0}","{""1"": [[""0x8dbb711f8d5b6424613076e2714e748e7b61f8710fdab7bfe3e3a50d3f762611"", 1]], ""2"": ""0x14eef0968bf53426e0338df97f96a931303bf418c4958c18b352f74bb7387648"", ""3"": ""0x0011ca574301850b62a1b97bd0e855c204bc888c7c296d127e18ce4bd44be0b3273e5921f07ac7f5549dcb0c61ef2f1048d735023159186935"", ""4"": 19381462, ""5"": 0}",1004b6f7e085b1edf9b264e99d2e18431d2f597c2693e2ecec296841adfe143f,"[{""address"":""addr_test1qqgu546rqxzskc4ph9aap6z4cgztezyv0s5k6yn7rr8yh4ztuzejw0jey8c843l42jwukrrpauh3qjxhx5przkgcdy6snay6zx"",""amount"":[{""unit"":""lovelace"",""quantity"":""2845689""}],""tx_hash"":""6a7400e7517f08bfb5f912268b7476e8dcc6daec62f26b90c53f7c6f25c67a81"",""output_index"":2,""data_hash"":null,""inline_datum"":null,""reference_script_hash"":null,""collateral"":false,""reference"":false},{""address"":""addr_test1qqgu546rqxzskc4ph9aap6z4cgztezyv0s5k6yn7rr8yh4ztuzejw0jey8c843l42jwukrrpauh3qjxhx5przkgcdy6snay6zx"",""amount"":[{""unit"":""lovelace"",""quantity"":""3431496""}],""tx_hash"":""c519211f6ee31e3a4339d578164d2bc8d8af1bafe0b1c7b953a39934cd7a1f0c"",""output_index"":2,""data_hash"":null,""inline_datum"":null,""reference_script_hash"":null,""collateral"":false,""reference"":false}]","[{""address"":""addr_test1qp8ughuh5ha7n5qf7h23xaa0yn0gw4tjg93rnumfufep2wztuzejw0jey8c843l42jwukrrpauh3qjxhx5przkgcdy6suxr2ud"",""amount"":[{""unit"":""lovelace"",""quantity"":""6099012""}],""output_index"":0,""data_hash"":null,""inline_datum"":null,""collateral"":false,""reference_script_hash"":null,""consumed_by_tx"":""ea380d49a48aac8babbebb7834a3c17a3691044c0fa47839cb085995fe93ac13""}]",cip36,6/6/2023 7:49,224,stake_test1up97pve88evjrur6cl64f8wtp3s77tcsfrtn2q33tyvxjdg7nd4kw,ed25519_pk1znh0p95t756zdcpn3huhl94fxycrhaqccj2ccx9n2tm5hdecweyqvjaadk
14,bc619269940bc1f3a7aacc97692deaaf5511ca1b024333681e65e29979e7637f,"{""voter_delegations"":[{""voting_key"":""e091a141b6c1404a86cb890e609521f71776b2edf6c88e248f1767d1c3945c3e"",""votePublicKey"":""ed25519_pk1uzg6zsdkc9qy4pkt3y8xp9fp7uthdvhd7mygufy0zanarsu5tslqazwytx"",""weight"":1,""catId"":""ca1qhsfrg2pkmq5qj5xewysucy4y8m3wa4jahmv3r3y3utk05wrj3wruwzysf8""}],""txType"":""cip36"",""stake_pub"":""ed25519_pk1znh0p95t756zdcpn3huhl94fxycrhaqccj2ccx9n2tm5hdecweyqvjaadk"",""stake_hex"":""e04be0b3273e5921f07ac7f5549dcb0c61ef2f1048d735023159186935"",""stake_key"":""stake_test1up97pve88evjrur6cl64f8wtp3s77tcsfrtn2q33tyvxjdg7nd4kw"",""payment_address"":""addr_test1qqgu546rqxzskc4ph9aap6z4cgztezyv0s5k6yn7rr8yh4ztuzejw0jey8c843l42jwukrrpauh3qjxhx5przkgcdy6snay6zx"",""nonce"":19382651,""voting_purpose"":0}","{""1"": [[""0xe091a141b6c1404a86cb890e609521f71776b2edf6c88e248f1767d1c3945c3e"", 1]], ""2"": ""0x14eef0968bf53426e0338df97f96a931303bf418c4958c18b352f74bb7387648"", ""3"": ""0x0011ca574301850b62a1b97bd0e855c204bc888c7c296d127e18ce4bd44be0b3273e5921f07ac7f5549dcb0c61ef2f1048d735023159186935"", ""4"": 19382651, ""5"": 0}",55e7b81dbed2de6b44ebe3a3d36578ee1ca6e93e1110139af47be19740abf116,"[{""address"":""addr_test1qq5t35deptd79qw6g3fyc92vexpnt2nemmkzdl4lmpckrf6tuzejw0jey8c843l42jwukrrpauh3qjxhx5przkgcdy6stcujn2"",""amount"":[{""unit"":""lovelace"",""quantity"":""9765518989""}],""tx_hash"":""ff1ee75acda4eddea6a4802e18187000d01650255340792679e1facc224a7165"",""output_index"":5,""data_hash"":null,""inline_datum"":null,""reference_script_hash"":null,""collateral"":false,""reference"":false}]","[{""address"":""addr_test1qq0wef2pakt35w38my97hw975hrqvszujvrvcjysqucfqf2tuzejw0jey8c843l42jwukrrpauh3qjxhx5przkgcdy6scgqp5m"",""amount"":[{""unit"":""lovelace"",""quantity"":""9765342224""}],""output_index"":0,""data_hash"":null,""inline_datum"":null,""collateral"":false,""reference_script_hash"":null,""consumed_by_tx"":""388f73845453471688d630cd9589b190d243f6d6512c42f7110eb1aef48088cf""}]",cip36,6/6/2023 8:06,224,stake_test1up97pve88evjrur6cl64f8wtp3s77tcsfrtn2q33tyvxjdg7nd4kw,ed25519_pk1znh0p95t756zdcpn3huhl94fxycrhaqccj2ccx9n2tm5hdecweyqvjaadk
15,388f73845453471688d630cd9589b190d243f6d6512c42f7110eb1aef48088cf,"{""voter_delegations"":[{""voting_key"":""e091a141b6c1404a86cb890e609521f71776b2edf6c88e248f1767d1c3945c3e"",""votePublicKey"":""ed25519_pk1uzg6zsdkc9qy4pkt3y8xp9fp7uthdvhd7mygufy0zanarsu5tslqazwytx"",""weight"":1,""catId"":""ca1qhsfrg2pkmq5qj5xewysucy4y8m3wa4jahmv3r3y3utk05wrj3wruwzysf8""}],""txType"":""cip36"",""stake_pub"":""ed25519_pk1znh0p95t756zdcpn3huhl94fxycrhaqccj2ccx9n2tm5hdecweyqvjaadk"",""stake_hex"":""e04be0b3273e5921f07ac7f5549dcb0c61ef2f1048d735023159186935"",""stake_key"":""stake_test1up97pve88evjrur6cl64f8wtp3s77tcsfrtn2q33tyvxjdg7nd4kw"",""payment_address"":""addr_test1qqgu546rqxzskc4ph9aap6z4cgztezyv0s5k6yn7rr8yh4ztuzejw0jey8c843l42jwukrrpauh3qjxhx5przkgcdy6snay6zx"",""nonce"":19383256,""voting_purpose"":0}","{""1"": [[""0xe091a141b6c1404a86cb890e609521f71776b2edf6c88e248f1767d1c3945c3e"", 1]], ""2"": ""0x14eef0968bf53426e0338df97f96a931303bf418c4958c18b352f74bb7387648"", ""3"": ""0x0011ca574301850b62a1b97bd0e855c204bc888c7c296d127e18ce4bd44be0b3273e5921f07ac7f5549dcb0c61ef2f1048d735023159186935"", ""4"": 19383256, ""5"": 0}",eb6f3fc329d48914431820db9b33f9fd3a47ebd7930f639e8ebd0c9ec7a7bfd7,"[{""address"":""addr_test1qq0wef2pakt35w38my97hw975hrqvszujvrvcjysqucfqf2tuzejw0jey8c843l42jwukrrpauh3qjxhx5przkgcdy6scgqp5m"",""amount"":[{""unit"":""lovelace"",""quantity"":""9765342224""}],""tx_hash"":""bc619269940bc1f3a7aacc97692deaaf5511ca1b024333681e65e29979e7637f"",""output_index"":0,""data_hash"":null,""inline_datum"":null,""reference_script_hash"":null,""collateral"":false,""reference"":false}]","[{""address"":""addr_test1qqpytsz66x7w7ptgmczlgygymy83zw7kawedmgvcmxjtpc2tuzejw0jey8c843l42jwukrrpauh3qjxhx5przkgcdy6s97n07s"",""amount"":[{""unit"":""lovelace"",""quantity"":""9765165459""}],""output_index"":0,""data_hash"":null,""inline_datum"":null,""collateral"":false,""reference_script_hash"":null,""consumed_by_tx"":""bb892a0b1f8a8b59cdf12ec3506d8ac55ebf2e5521908f3c23342440a252cab2""}]",cip36,6/6/2023 8:15,224,stake_test1up97pve88evjrur6cl64f8wtp3s77tcsfrtn2q33tyvxjdg7nd4kw,ed25519_pk1znh0p95t756zdcpn3huhl94fxycrhaqccj2ccx9n2tm5hdecweyqvjaadk
16,bb892a0b1f8a8b59cdf12ec3506d8ac55ebf2e5521908f3c23342440a252cab2,"{""voter_delegations"":[{""voting_key"":""e091a141b6c1404a86cb890e609521f71776b2edf6c88e248f1767d1c3945c3e"",""votePublicKey"":""ed25519_pk1uzg6zsdkc9qy4pkt3y8xp9fp7uthdvhd7mygufy0zanarsu5tslqazwytx"",""weight"":1,""catId"":""ca1qhsfrg2pkmq5qj5xewysucy4y8m3wa4jahmv3r3y3utk05wrj3wruwzysf8""}],""txType"":""cip36"",""stake_pub"":""ed25519_pk1znh0p95t756zdcpn3huhl94fxycrhaqccj2ccx9n2tm5hdecweyqvjaadk"",""stake_hex"":""e04be0b3273e5921f07ac7f5549dcb0c61ef2f1048d735023159186935"",""stake_key"":""stake_test1up97pve88evjrur6cl64f8wtp3s77tcsfrtn2q33tyvxjdg7nd4kw"",""payment_address"":""addr_test1qqgu546rqxzskc4ph9aap6z4cgztezyv0s5k6yn7rr8yh4ztuzejw0jey8c843l42jwukrrpauh3qjxhx5przkgcdy6snay6zx"",""nonce"":19390637,""voting_purpose"":0}","{""1"": [[""0xe091a141b6c1404a86cb890e609521f71776b2edf6c88e248f1767d1c3945c3e"", 1]], ""2"": ""0x14eef0968bf53426e0338df97f96a931303bf418c4958c18b352f74bb7387648"", ""3"": ""0x0011ca574301850b62a1b97bd0e855c204bc888c7c296d127e18ce4bd44be0b3273e5921f07ac7f5549dcb0c61ef2f1048d735023159186935"", ""4"": 19390637, ""5"": 0}",99487cef751271c988d3fd6013a2c97bc55c602e019b0dfa31c8d5ea0e648c67,"[{""address"":""addr_test1qqpytsz66x7w7ptgmczlgygymy83zw7kawedmgvcmxjtpc2tuzejw0jey8c843l42jwukrrpauh3qjxhx5przkgcdy6s97n07s"",""amount"":[{""unit"":""lovelace"",""quantity"":""9765165459""}],""tx_hash"":""388f73845453471688d630cd9589b190d243f6d6512c42f7110eb1aef48088cf"",""output_index"":0,""data_hash"":null,""inline_datum"":null,""reference_script_hash"":null,""collateral"":false,""reference"":false}]","[{""address"":""addr_test1qpuewz4nr9v2wjlj45pf7g925qdks5d6jss2hqhuu5ftddztuzejw0jey8c843l42jwukrrpauh3qjxhx5przkgcdy6srjvy5h"",""amount"":[{""unit"":""lovelace"",""quantity"":""9764988694""}],""output_index"":0,""data_hash"":null,""inline_datum"":null,""collateral"":false,""reference_script_hash"":null,""consumed_by_tx"":""e780352f5aaa6339c8fcd9df0e91cdaf4ce21fd301fc31d93b3fc076f5660891""}]",cip36,6/6/2023 11:31,224,stake_test1up97pve88evjrur6cl64f8wtp3s77tcsfrtn2q33tyvxjdg7nd4kw,ed25519_pk1znh0p95t756zdcpn3huhl94fxycrhaqccj2ccx9n2tm5hdecweyqvjaadk
17,e780352f5aaa6339c8fcd9df0e91cdaf4ce21fd301fc31d93b3fc076f5660891,"{""voter_delegations"":[{""voting_key"":""e091a141b6c1404a86cb890e609521f71776b2edf6c88e248f1767d1c3945c3e"",""votePublicKey"":""ed25519_pk1uzg6zsdkc9qy4pkt3y8xp9fp7uthdvhd7mygufy0zanarsu5tslqazwytx"",""weight"":1,""catId"":""ca1qhsfrg2pkmq5qj5xewysucy4y8m3wa4jahmv3r3y3utk05wrj3wruwzysf8""}],""txType"":""cip36"",""stake_pub"":""ed25519_pk1znh0p95t756zdcpn3huhl94fxycrhaqccj2ccx9n2tm5hdecweyqvjaadk"",""stake_hex"":""e04be0b3273e5921f07ac7f5549dcb0c61ef2f1048d735023159186935"",""stake_key"":""stake_test1up97pve88evjrur6cl64f8wtp3s77tcsfrtn2q33tyvxjdg7nd4kw"",""payment_address"":""addr_test1qqgu546rqxzskc4ph9aap6z4cgztezyv0s5k6yn7rr8yh4ztuzejw0jey8c843l42jwukrrpauh3qjxhx5przkgcdy6snay6zx"",""nonce"":19397479,""voting_purpose"":0}","{""1"": [[""0xe091a141b6c1404a86cb890e609521f71776b2edf6c88e248f1767d1c3945c3e"", 1]], ""2"": ""0x14eef0968bf53426e0338df97f96a931303bf418c4958c18b352f74bb7387648"", ""3"": ""0x0011ca574301850b62a1b97bd0e855c204bc888c7c296d127e18ce4bd44be0b3273e5921f07ac7f5549dcb0c61ef2f1048d735023159186935"", ""4"": 19397479, ""5"": 0}",4e3434c439c7f89d30d6f61ed62956e5f2db232745d5eb99ba977249aa8e56d7,"[{""address"":""addr_test1qpuewz4nr9v2wjlj45pf7g925qdks5d6jss2hqhuu5ftddztuzejw0jey8c843l42jwukrrpauh3qjxhx5przkgcdy6srjvy5h"",""amount"":[{""unit"":""lovelace"",""quantity"":""9764988694""}],""tx_hash"":""bb892a0b1f8a8b59cdf12ec3506d8ac55ebf2e5521908f3c23342440a252cab2"",""output_index"":0,""data_hash"":null,""inline_datum"":null,""reference_script_hash"":null,""collateral"":false,""reference"":false}]","[{""address"":""addr_test1qq02phl80rt2720dwardr5dp6tkc2wuzhrmwg3l6fzpets2tuzejw0jey8c843l42jwukrrpauh3qjxhx5przkgcdy6sa0j2ra"",""amount"":[{""unit"":""lovelace"",""quantity"":""9764811929""}],""output_index"":0,""data_hash"":null,""inline_datum"":null,""collateral"":false,""reference_script_hash"":null,""consumed_by_tx"":""e3cea8649ac8f16865aace5eb60a3fbd511135eb49862e24a34e8e59eb104073""}]",cip36,6/6/2023 12:12,224,stake_test1up97pve88evjrur6cl64f8wtp3s77tcsfrtn2q33tyvxjdg7nd4kw,ed25519_pk1znh0p95t756zdcpn3huhl94fxycrhaqccj2ccx9n2tm5hdecweyqvjaadk
18,e3cea8649ac8f16865aace5eb60a3fbd511135eb49862e24a34e8e59eb104073,"{""voter_delegations"":[{""voting_key"":""91c9af1d52df42d2df9602f1469d251f741b60a7ada1aa5179897219422b3a80"",""votePublicKey"":""ed25519_pk1j8y6782jmapd9hukqtc5d8f9ra6pkc984ks655te39epjs3t82qq38mgwa"",""weight"":1,""catId"":""ca1qkguntca2t0595kljcp0z35ay50hgxmq57k6r2j30xyhyx2z9vagq2pklhg""}],""txType"":""cip36"",""stake_pub"":""ed25519_pk1znh0p95t756zdcpn3huhl94fxycrhaqccj2ccx9n2tm5hdecweyqvjaadk"",""stake_hex"":""e04be0b3273e5921f07ac7f5549dcb0c61ef2f1048d735023159186935"",""stake_key"":""stake_test1up97pve88evjrur6cl64f8wtp3s77tcsfrtn2q33tyvxjdg7nd4kw"",""payment_address"":""addr_test1qqgu546rqxzskc4ph9aap6z4cgztezyv0s5k6yn7rr8yh4ztuzejw0jey8c843l42jwukrrpauh3qjxhx5przkgcdy6snay6zx"",""nonce"":19592538,""voting_purpose"":0}","{""1"": [[""0x91c9af1d52df42d2df9602f1469d251f741b60a7ada1aa5179897219422b3a80"", 1]], ""2"": ""0x14eef0968bf53426e0338df97f96a931303bf418c4958c18b352f74bb7387648"", ""3"": ""0x0011ca574301850b62a1b97bd0e855c204bc888c7c296d127e18ce4bd44be0b3273e5921f07ac7f5549dcb0c61ef2f1048d735023159186935"", ""4"": 19592538, ""5"": 0}",6a98061fe82dedc6f135fa43fde014c831da03dcd9cc0e1fba15832b86de111e,"[{""address"":""addr_test1qq02phl80rt2720dwardr5dp6tkc2wuzhrmwg3l6fzpets2tuzejw0jey8c843l42jwukrrpauh3qjxhx5przkgcdy6sa0j2ra"",""amount"":[{""unit"":""lovelace"",""quantity"":""9764811929""}],""tx_hash"":""e780352f5aaa6339c8fcd9df0e91cdaf4ce21fd301fc31d93b3fc076f5660891"",""output_index"":0,""data_hash"":null,""inline_datum"":null,""reference_script_hash"":null,""collateral"":false,""reference"":false}]","[{""address"":""addr_test1qz5u45arfcakvcel76tmfuvd4ga65x23gdh05ff4m837k92tuzejw0jey8c843l42jwukrrpauh3qjxhx5przkgcdy6sturlpn"",""amount"":[{""unit"":""lovelace"",""quantity"":""9764635164""}],""output_index"":0,""data_hash"":null,""inline_datum"":null,""collateral"":false,""reference_script_hash"":null,""consumed_by_tx"":""991b7eb416e5aa2c2caf989a933a869c0211e5bbffc8694e264989bf381596b9""}]",cip36,6/8/2023 18:27,226,stake_test1up97pve88evjrur6cl64f8wtp3s77tcsfrtn2q33tyvxjdg7nd4kw,ed25519_pk1znh0p95t756zdcpn3huhl94fxycrhaqccj2ccx9n2tm5hdecweyqvjaadk
19,991b7eb416e5aa2c2caf989a933a869c0211e5bbffc8694e264989bf381596b9,"{""voter_delegations"":[{""voting_key"":""1ccc5f1c512849edd71ae9afb0b5fcaeb9605e9decbff6d49b9ab6da5539787d"",""votePublicKey"":""ed25519_pk1rnx978z39py7m4c6axhmpd0u46ukqh5aajlld4ymn2md54fe0p7s0h3haf"",""weight"":1,""catId"":""ca1q5wvchcu2y5ynmwhrt56lv94ljhtjcz7nhktlak5nwdtdkj489u86qxstgk""}],""txType"":""cip15"",""stake_pub"":""ed25519_pk1znh0p95t756zdcpn3huhl94fxycrhaqccj2ccx9n2tm5hdecweyqvjaadk"",""stake_hex"":""e04be0b3273e5921f07ac7f5549dcb0c61ef2f1048d735023159186935"",""stake_key"":""stake_test1up97pve88evjrur6cl64f8wtp3s77tcsfrtn2q33tyvxjdg7nd4kw"",""payment_address"":""addr_test1qqgu546rqxzskc4ph9aap6z4cgztezyv0s5k6yn7rr8yh4ztuzejw0jey8c843l42jwukrrpauh3qjxhx5przkgcdy6snay6zx"",""nonce"":22066949}","{""1"": ""0x1ccc5f1c512849edd71ae9afb0b5fcaeb9605e9decbff6d49b9ab6da5539787d"", ""2"": ""0x14eef0968bf53426e0338df97f96a931303bf418c4958c18b352f74bb7387648"", ""3"": ""0x0011ca574301850b62a1b97bd0e855c204bc888c7c296d127e18ce4bd44be0b3273e5921f07ac7f5549dcb0c61ef2f1048d735023159186935"", ""4"": 22066949}",0fcc4fc4e7cc51b6d82b8a7eed175e6c7f07ee04b0f3f0867ed0a24508fa8b13,"[{""address"":""addr_test1qz5u45arfcakvcel76tmfuvd4ga65x23gdh05ff4m837k92tuzejw0jey8c843l42jwukrrpauh3qjxhx5przkgcdy6sturlpn"",""amount"":[{""unit"":""lovelace"",""quantity"":""9764635164""}],""tx_hash"":""e3cea8649ac8f16865aace5eb60a3fbd511135eb49862e24a34e8e59eb104073"",""output_index"":0,""data_hash"":null,""inline_datum"":null,""reference_script_hash"":null,""collateral"":false,""reference"":false}]","[{""address"":""addr_test1qr3j2a77ppvxeyaztt5e6p47elflmcj4y27c95de0fa9ceztuzejw0jey8c843l42jwukrrpauh3qjxhx5przkgcdy6sjxjlqq"",""amount"":[{""unit"":""lovelace"",""quantity"":""9764458399""}],""output_index"":0,""data_hash"":null,""inline_datum"":null,""collateral"":false,""reference_script_hash"":null,""consumed_by_tx"":""82cd9ebceaa118ecd6b79b9c3c127a77314de6e0a4e351e0e51a8e4aa53fa020""}]",cip15,7/7/2023 9:44,255,stake_test1up97pve88evjrur6cl64f8wtp3s77tcsfrtn2q33tyvxjdg7nd4kw,ed25519_pk1znh0p95t756zdcpn3huhl94fxycrhaqccj2ccx9n2tm5hdecweyqvjaadk
20,82cd9ebceaa118ecd6b79b9c3c127a77314de6e0a4e351e0e51a8e4aa53fa020,"{""voter_delegations"":[{""voting_key"":""63052e38244681885cf4a6878298a6cff98076e852b2c5741bdc28574e534631"",""votePublicKey"":""ed25519_pk1vvzjuwpyg6qcsh8556rc9x9xelucqahg22ev2aqmms59wnjngccs6g3lgf"",""weight"":1,""catId"":""ca1q43s2t3cy3rgrzzu7jng0q5c5m8lnqrkapft93t5r0wzs46w2drrz2a878h""}],""txType"":""cip15"",""stake_pub"":""ed25519_pk1znh0p95t756zdcpn3huhl94fxycrhaqccj2ccx9n2tm5hdecweyqvjaadk"",""stake_hex"":""e04be0b3273e5921f07ac7f5549dcb0c61ef2f1048d735023159186935"",""stake_key"":""stake_test1up97pve88evjrur6cl64f8wtp3s77tcsfrtn2q33tyvxjdg7nd4kw"",""payment_address"":""addr_test1qqgu546rqxzskc4ph9aap6z4cgztezyv0s5k6yn7rr8yh4ztuzejw0jey8c843l42jwukrrpauh3qjxhx5przkgcdy6snay6zx"",""nonce"":22067856}","{""1"": ""0x63052e38244681885cf4a6878298a6cff98076e852b2c5741bdc28574e534631"", ""2"": ""0x14eef0968bf53426e0338df97f96a931303bf418c4958c18b352f74bb7387648"", ""3"": ""0x0011ca574301850b62a1b97bd0e855c204bc888c7c296d127e18ce4bd44be0b3273e5921f07ac7f5549dcb0c61ef2f1048d735023159186935"", ""4"": 22067856}",8969f972c6ba53a688f491abe96541bc5456f1267043065d5dcac207d526e115,"[{""address"":""addr_test1qr3j2a77ppvxeyaztt5e6p47elflmcj4y27c95de0fa9ceztuzejw0jey8c843l42jwukrrpauh3qjxhx5przkgcdy6sjxjlqq"",""amount"":[{""unit"":""lovelace"",""quantity"":""9764458399""}],""tx_hash"":""991b7eb416e5aa2c2caf989a933a869c0211e5bbffc8694e264989bf381596b9"",""output_index"":0,""data_hash"":null,""inline_datum"":null,""reference_script_hash"":null,""collateral"":false,""reference"":false}]","[{""address"":""addr_test1qrhl3e9sfwgclca6xyv0q8lwpnxrugd9hxpz90e944pchp2tuzejw0jey8c843l42jwukrrpauh3qjxhx5przkgcdy6s4kqkza"",""amount"":[{""unit"":""lovelace"",""quantity"":""9764281634""}],""output_index"":0,""data_hash"":null,""inline_datum"":null,""collateral"":false,""reference_script_hash"":null,""consumed_by_tx"":""85bdb34cf0a945ac242de5b60998087c5a97f8bed1b9d11df663f9c0fce0ec49""}]",cip15,7/7/2023 10:01,255,stake_test1up97pve88evjrur6cl64f8wtp3s77tcsfrtn2q33tyvxjdg7nd4kw,ed25519_pk1znh0p95t756zdcpn3huhl94fxycrhaqccj2ccx9n2tm5hdecweyqvjaadk
21,85bdb34cf0a945ac242de5b60998087c5a97f8bed1b9d11df663f9c0fce0ec49,"{""voter_delegations"":[{""voting_key"":""1b8b52c2a2f2989262004874de4d8bf2790e502ba9a88440add088ce2bf268f1"",""votePublicKey"":""ed25519_pk1rw949s4z72vfycsqfp6dunvt7fusu5pt4x5ggs9d6zyvu2ljdrcslw3pd5"",""weight"":1,""catId"":""ca1q5dck5kz5tef3ynzqpy8fhjd30e8jrjs9w563pzq4hgg3n3t7f50zrt68kv""}],""txType"":""cip15"",""stake_pub"":""ed25519_pk1znh0p95t756zdcpn3huhl94fxycrhaqccj2ccx9n2tm5hdecweyqvjaadk"",""stake_hex"":""e04be0b3273e5921f07ac7f5549dcb0c61ef2f1048d735023159186935"",""stake_key"":""stake_test1up97pve88evjrur6cl64f8wtp3s77tcsfrtn2q33tyvxjdg7nd4kw"",""payment_address"":""addr_test1qqgu546rqxzskc4ph9aap6z4cgztezyv0s5k6yn7rr8yh4ztuzejw0jey8c843l42jwukrrpauh3qjxhx5przkgcdy6snay6zx"",""nonce"":22068232}","{""1"": ""0x1b8b52c2a2f2989262004874de4d8bf2790e502ba9a88440add088ce2bf268f1"", ""2"": ""0x14eef0968bf53426e0338df97f96a931303bf418c4958c18b352f74bb7387648"", ""3"": ""0x0011ca574301850b62a1b97bd0e855c204bc888c7c296d127e18ce4bd44be0b3273e5921f07ac7f5549dcb0c61ef2f1048d735023159186935"", ""4"": 22068232}",2f005b00329983f04baa8607017df0bb4be8f48f56d9e071673e8995bdde2344,"[{""address"":""addr_test1qrhl3e9sfwgclca6xyv0q8lwpnxrugd9hxpz90e944pchp2tuzejw0jey8c843l42jwukrrpauh3qjxhx5przkgcdy6s4kqkza"",""amount"":[{""unit"":""lovelace"",""quantity"":""9764281634""}],""tx_hash"":""82cd9ebceaa118ecd6b79b9c3c127a77314de6e0a4e351e0e51a8e4aa53fa020"",""output_index"":0,""data_hash"":null,""inline_datum"":null,""reference_script_hash"":null,""collateral"":false,""reference"":false}]","[{""address"":""addr_test1qqn7nfck8p5vwf48kt6gxewl556jk433yqhl4lv7jyvy466tuzejw0jey8c843l42jwukrrpauh3qjxhx5przkgcdy6s52ssra"",""amount"":[{""unit"":""lovelace"",""quantity"":""9764104869""}],""output_index"":0,""data_hash"":null,""inline_datum"":null,""collateral"":false,""reference_script_hash"":null,""consumed_by_tx"":""fdaaba431d9594478e86cdbbf3808dd2d196991a74975cdc8be5da24363efb03""}]",cip15,7/7/2023 10:05,255,stake_test1up97pve88evjrur6cl64f8wtp3s77tcsfrtn2q33tyvxjdg7nd4kw,ed25519_pk1znh0p95t756zdcpn3huhl94fxycrhaqccj2ccx9n2tm5hdecweyqvjaadk
22,ea380d49a48aac8babbebb7834a3c17a3691044c0fa47839cb085995fe93ac13,"{""voter_delegations"":[{""voting_key"":""c5f8167d020608aba4823369f38cb3074a6979a7548edb15b0fab67290ddfc4e"",""votePublicKey"":""ed25519_pk1chupvlgzqcy2hfyzxd5l8r9nqa9xj7d82j8dk9dsl2m89yxal38qu7m98d"",""weight"":1,""catId"":""ca1qhzls9naqgrq32aysgeknuuvkvr556te5a2gakc4kratvu5smh7yuuee7up""}],""txType"":""cip15"",""stake_pub"":""ed25519_pk1znh0p95t756zdcpn3huhl94fxycrhaqccj2ccx9n2tm5hdecweyqvjaadk"",""stake_hex"":""e04be0b3273e5921f07ac7f5549dcb0c61ef2f1048d735023159186935"",""stake_key"":""stake_test1up97pve88evjrur6cl64f8wtp3s77tcsfrtn2q33tyvxjdg7nd4kw"",""payment_address"":""addr_test1qqgu546rqxzskc4ph9aap6z4cgztezyv0s5k6yn7rr8yh4ztuzejw0jey8c843l42jwukrrpauh3qjxhx5przkgcdy6snay6zx"",""nonce"":22068498}","{""1"": ""0xc5f8167d020608aba4823369f38cb3074a6979a7548edb15b0fab67290ddfc4e"", ""2"": ""0x14eef0968bf53426e0338df97f96a931303bf418c4958c18b352f74bb7387648"", ""3"": ""0x0011ca574301850b62a1b97bd0e855c204bc888c7c296d127e18ce4bd44be0b3273e5921f07ac7f5549dcb0c61ef2f1048d735023159186935"", ""4"": 22068498}",b8012d14c87be1e0a78cd461d258ad406cbb68153266308735f265b13a4f3856,"[{""address"":""addr_test1qp8ughuh5ha7n5qf7h23xaa0yn0gw4tjg93rnumfufep2wztuzejw0jey8c843l42jwukrrpauh3qjxhx5przkgcdy6suxr2ud"",""amount"":[{""unit"":""lovelace"",""quantity"":""6099012""}],""tx_hash"":""f14223856cd3ad4fcb90101bc63dc4bed86b7acb437d44b60bc892e801c0fb7e"",""output_index"":0,""data_hash"":null,""inline_datum"":null,""reference_script_hash"":null,""collateral"":false,""reference"":false}]","[{""address"":""addr_test1qzx46t457a0r7ndcg4ph362w4rfqmcs0uzs7uz7tc607vh6tuzejw0jey8c843l42jwukrrpauh3qjxhx5przkgcdy6sl5600p"",""amount"":[{""unit"":""lovelace"",""quantity"":""5922423""}],""output_index"":0,""data_hash"":null,""inline_datum"":null,""collateral"":false,""reference_script_hash"":null,""consumed_by_tx"":null}]",cip15,7/7/2023 10:09,255,stake_test1up97pve88evjrur6cl64f8wtp3s77tcsfrtn2q33tyvxjdg7nd4kw,ed25519_pk1znh0p95t756zdcpn3huhl94fxycrhaqccj2ccx9n2tm5hdecweyqvjaadk
23,fdaaba431d9594478e86cdbbf3808dd2d196991a74975cdc8be5da24363efb03,"{""voter_delegations"":[{""voting_key"":""bff33a3cdbe72e56efca24c03742c56c84b09af8aa95a4f039b02f3182cb29b7"",""votePublicKey"":""ed25519_pk1hlen50xmuuh9dm72ynqrwsk9djztpxhc4226fupekqhnrqkt9xmsfvfpdh"",""weight"":1,""catId"":""ca1qkllxw3um0nju4h0egjvqd6zc4kgfvy6lz4ftf8s8xcz7vvzev5mw3ep366""}],""txType"":""cip15"",""stake_pub"":""ed25519_pk1znh0p95t756zdcpn3huhl94fxycrhaqccj2ccx9n2tm5hdecweyqvjaadk"",""stake_hex"":""e04be0b3273e5921f07ac7f5549dcb0c61ef2f1048d735023159186935"",""stake_key"":""stake_test1up97pve88evjrur6cl64f8wtp3s77tcsfrtn2q33tyvxjdg7nd4kw"",""payment_address"":""addr_test1qqgu546rqxzskc4ph9aap6z4cgztezyv0s5k6yn7rr8yh4ztuzejw0jey8c843l42jwukrrpauh3qjxhx5przkgcdy6snay6zx"",""nonce"":22068731}","{""1"": ""0xbff33a3cdbe72e56efca24c03742c56c84b09af8aa95a4f039b02f3182cb29b7"", ""2"": ""0x14eef0968bf53426e0338df97f96a931303bf418c4958c18b352f74bb7387648"", ""3"": ""0x0011ca574301850b62a1b97bd0e855c204bc888c7c296d127e18ce4bd44be0b3273e5921f07ac7f5549dcb0c61ef2f1048d735023159186935"", ""4"": 22068731}",14dd31e364a28c4a5e74a54c5bcf6ad9a26d94743c61b1ff41becc795e1042b6,"[{""address"":""addr_test1qqn7nfck8p5vwf48kt6gxewl556jk433yqhl4lv7jyvy466tuzejw0jey8c843l42jwukrrpauh3qjxhx5przkgcdy6s52ssra"",""amount"":[{""unit"":""lovelace"",""quantity"":""9764104869""}],""tx_hash"":""85bdb34cf0a945ac242de5b60998087c5a97f8bed1b9d11df663f9c0fce0ec49"",""output_index"":0,""data_hash"":null,""inline_datum"":null,""reference_script_hash"":null,""collateral"":false,""reference"":false}]","[{""address"":""addr_test1qzruj3e3ntaf5n6kcqcph83et6wee4yvj294hk6n26c270ztuzejw0jey8c843l42jwukrrpauh3qjxhx5przkgcdy6szs34fd"",""amount"":[{""unit"":""lovelace"",""quantity"":""9763928104""}],""output_index"":0,""data_hash"":null,""inline_datum"":null,""collateral"":false,""reference_script_hash"":null,""consumed_by_tx"":null}]",cip15,7/7/2023 10:13,255,stake_test1up97pve88evjrur6cl64f8wtp3s77tcsfrtn2q33tyvxjdg7nd4kw,ed25519_pk1znh0p95t756zdcpn3huhl94fxycrhaqccj2ccx9n2tm5hdecweyqvjaadk
24,9b32b7e50481ebb47becf7ec9069095c81d45c7a594f98bf3b26c3250ee469b7,"{""voter_delegations"":[{""voting_key"":""a58c360ea8af491135203e7611fff557e2c4829b50a41262039de1c3b17ed56f"",""votePublicKey"":""ed25519_pk15kxrvr4g4ay3zdfq8emprll42l3vfq5m2zjpycsrnhsu8vt764hs2m2juj"",""weight"":1,""catId"":""ca1qkjccdsw4zh5jyf4yql8vy0l74t793yzndg2gynzqww7rsa30m2k7hmuknp""}],""txType"":""cip36"",""stake_pub"":""ed25519_pk1u3tm4yrvjs9f6qm04zej5fr4atfxl0h7aqvydhf85639l3yk4teqjvt4kq"",""stake_hex"":""e00cd9abf562fb7e8856429f990c5589ad2292398ad5d172918699d2b6"",""stake_key"":""stake_test1uqxdn2l4vtahazzkg20ejrz43xkj9y3e3t2azu53s6va9ds8ehp7g"",""payment_address"":""addr_test1qqjww59gdqgmj3akga8e9ck6fvn6nuj2rv5es9wyv9stm6gvmx4l2chm06y9vs5lnyx9tzddy2frnzk469efrp5e62mq402556"",""nonce"":22437598,""voting_purpose"":0}","{""1"": [[""0xa58c360ea8af491135203e7611fff557e2c4829b50a41262039de1c3b17ed56f"", 1]], ""2"": ""0xe457ba906c940a9d036fa8b32a2475ead26fbefee81846dd27a6a25fc496aaf2"", ""3"": ""0x0024e750a86811b947b6474f92e2da4b27a9f24a1b299815c46160bde90cd9abf562fb7e8856429f990c5589ad2292398ad5d172918699d2b6"", ""4"": 22437598, ""5"": 0}",03f795644d018ce305a743d573377b417dcc9c390d17e934d4cb3aeaf95c6e7a,"[{""address"":""addr_test1qqfvwxmnt0g5yn99xsgp7sq82gevqme90fgv2gkyr30s6ggvmx4l2chm06y9vs5lnyx9tzddy2frnzk469efrp5e62mq8eeyxl"",""amount"":[{""unit"":""lovelace"",""quantity"":""9989315116""}],""tx_hash"":""b5e74de76d9e4608bcaa0cc0b4e18091ccc3be01c73d64ece40ff1c0b9768c99"",""output_index"":2,""data_hash"":null,""inline_datum"":null,""reference_script_hash"":null,""collateral"":false,""reference"":false}]","[{""address"":""addr_test1qryu7truz088jj4y7rnlr2uqmgw689ed9n6smfmzmdtcpngvmx4l2chm06y9vs5lnyx9tzddy2frnzk469efrp5e62mq58ltsx"",""amount"":[{""unit"":""lovelace"",""quantity"":""9989138351""}],""output_index"":0,""data_hash"":null,""inline_datum"":null,""collateral"":false,""reference_script_hash"":null,""consumed_by_tx"":""f439502f5ccd918fcc618cbd81a3cb7215cd693101b57ff2db5f1efbbcfbe742""}]",cip36,7/11/2023 16:40,259,stake_test1uqxdn2l4vtahazzkg20ejrz43xkj9y3e3t2azu53s6va9ds8ehp7g,ed25519_pk1u3tm4yrvjs9f6qm04zej5fr4atfxl0h7aqvydhf85639l3yk4teqjvt4kq
25,1c2a4aa3c5e74c784eae4e6dfbc85a1451ff1e591af3ae8780797fe9fcbc734a,"{""voter_delegations"":[{""voting_key"":""1d928f800188b0f87d012464277a4946963051254fd0803ca2ddaadb8757245f"",""votePublicKey"":""ed25519_pk1rkfglqqp3zc0slgpy3jzw7jfg6trq5f9flggq09zmk4dhp6hy30swdug9q"",""weight"":1,""catId"":""ca1q5we9ruqqxytp7raqyjxgfm6f9rfvvz3y48apqpu5tw64ku82uj97gwvap9""}],""txType"":""cip15"",""stake_pub"":""ed25519_pk1fwvlgh7uw85w70y5r2rfrn05yw454n0df7g0h2d7343tpl8wrjssc3uxdq"",""stake_hex"":""e059725f52ca144d6ad5efac538dbf632391915ea6c0d54ae66fae748f"",""stake_key"":""stake_test1upvhyh6jeg2y66k4a7k98rdlvv3ery275mqd2jhxd7h8frcs5h987"",""payment_address"":""addr_test1qzeguj5u6qecnpp635xhn7n2z9e6l5e9fk3pnm6s094qltjewf049js5f44dtmav2wxm7cerjxg4afkq649wvmawwj8s8lfdvp"",""nonce"":25087574}","{""1"": ""0x1d928f800188b0f87d012464277a4946963051254fd0803ca2ddaadb8757245f"", ""2"": ""0x4b99f45fdc71e8ef3c941a8691cdf423ab4acded4f90fba9be8d62b0fcee1ca1"", ""3"": ""0x00b28e4a9cd03389843a8d0d79fa6a1173afd3254da219ef50796a0fae59725f52ca144d6ad5efac538dbf632391915ea6c0d54ae66fae748f"", ""4"": 25087574}",409e1582eda54f38fbfba529e60b5dc9faf9b8162b3d1aae0bf102f9dca9c164,"[{""address"":""addr_test1qzeguj5u6qecnpp635xhn7n2z9e6l5e9fk3pnm6s094qltjewf049js5f44dtmav2wxm7cerjxg4afkq649wvmawwj8s8lfdvp"",""amount"":[{""unit"":""lovelace"",""quantity"":""10000000""}],""tx_hash"":""e9bedbe66bb8f4d5a39f126e0964d23d414ae64c8788708820c2da07166176df"",""output_index"":0,""data_hash"":null,""inline_datum"":null,""reference_script_hash"":null,""collateral"":false,""reference"":false}]","[{""address"":""addr_test1qzeguj5u6qecnpp635xhn7n2z9e6l5e9fk3pnm6s094qltjewf049js5f44dtmav2wxm7cerjxg4afkq649wvmawwj8s8lfdvp"",""amount"":[{""unit"":""lovelace"",""quantity"":""9823543""}],""output_index"":0,""data_hash"":null,""inline_datum"":null,""collateral"":false,""reference_script_hash"":null,""consumed_by_tx"":""4ffbf47dba367e5401a476af73689410fe8d31d938f360917fa7413155146e4f""}]",cip15,8/11/2023 8:47,290,stake_test1upvhyh6jeg2y66k4a7k98rdlvv3ery275mqd2jhxd7h8frcs5h987,ed25519_pk1fwvlgh7uw85w70y5r2rfrn05yw454n0df7g0h2d7343tpl8wrjssc3uxdq
26,a73fc560643d6bc6fd5facce5f43b31f4befe818469e34550fd36f23550ae0fd,"{""voter_delegations"":[{""voting_key"":""c7c42e5dbced8c82b9836b29b289301d71407e4bbcd7c6465e3f279129a8b35e"",""votePublicKey"":""ed25519_pk1clzzuhduakxg9wvrdv5m9zfsr4c5qljthntuv3j78unez2dgkd0qn2r6ch"",""weight"":1,""catId"":""ca1qhrugtjahnkceq4esd4jnv5fxqwhzsr7fw7d03jxtclj0yff4ze4ujm2sad""}],""txType"":""cip36"",""stake_pub"":""ed25519_pk1n0j38hcjk0atulqm3slel2cfdr4jz6x4dzdlnqwz7lp4kyt33vnsshljj0"",""stake_hex"":""e0c13582aec9a44fcc6d984be003c5058c660e1d2ff1370fd8b49ba73f"",""stake_key"":""stake_test1urqntq4wexjylnrdnp97qq79qkxxvrsa9lcnwr7ckjd6w0cr04y4p"",""payment_address"":""addr_test1vpfwv0ezc5g8a4mkku8hhy3y3vp92t7s3ul8g778g5yegsgalc6gc"",""nonce"":25380417,""voting_purpose"":0}","{""1"": [[""0xc7c42e5dbced8c82b9836b29b289301d71407e4bbcd7c6465e3f279129a8b35e"", 1]], ""2"": ""0x9be513df12b3fabe7c1b8c3f9fab0968eb2168d5689bf981c2f7c35b11718b27"", ""3"": ""0x6052e63f22c5107ed776b70f7b92248b02552fd08f3e747bc745099441"", ""4"": 25380417, ""5"": 0}",23aa306e036d1562c2544fc4eab775c3ceb6c0115132366d721724868b762b66,"[{""address"":""addr_test1qrlvt2gzuvrhq7m2k00rsyzfrrqwx085cdqgum7w5nc2rxwpxkp2ajdyflxxmxztuqpu2pvvvc8p6tl3xu8a3dym5uls50mr97"",""amount"":[{""unit"":""lovelace"",""quantity"":""10002028257""},{""unit"":""d35c752af635d9e9cb79aea44537a57a5ecd91e23133cd7f210f00706d544f5349"",""quantity"":""4""}],""tx_hash"":""d8c9d1431cf9f8dd577a7f1def3dd3f41a52d5730593c26c89a9892bfe330bb3"",""output_index"":0,""data_hash"":null,""inline_datum"":null,""reference_script_hash"":null,""collateral"":false,""reference"":false}]","[{""address"":""addr_test1qrlvt2gzuvrhq7m2k00rsyzfrrqwx085cdqgum7w5nc2rxwpxkp2ajdyflxxmxztuqpu2pvvvc8p6tl3xu8a3dym5uls50mr97"",""amount"":[{""unit"":""lovelace"",""quantity"":""10000688446""}],""output_index"":0,""data_hash"":null,""inline_datum"":null,""collateral"":false,""reference_script_hash"":null,""consumed_by_tx"":""1037e889d88d8cd5391e2b5865dabaa6533a00d5f8355682b6833d20af63985a""},{""address"":""addr_test1qrlvt2gzuvrhq7m2k00rsyzfrrqwx085cdqgum7w5nc2rxwpxkp2ajdyflxxmxztuqpu2pvvvc8p6tl3xu8a3dym5uls50mr97"",""amount"":[{""unit"":""lovelace"",""quantity"":""1150770""},{""unit"":""d35c752af635d9e9cb79aea44537a57a5ecd91e23133cd7f210f00706d544f5349"",""quantity"":""4""}],""output_index"":1,""data_hash"":null,""inline_datum"":null,""collateral"":false,""reference_script_hash"":null,""consumed_by_tx"":""1037e889d88d8cd5391e2b5865dabaa6533a00d5f8355682b6833d20af63985a""}]",cip36,8/14/2023 18:09,293,stake_test1urqntq4wexjylnrdnp97qq79qkxxvrsa9lcnwr7ckjd6w0cr04y4p,ed25519_pk1n0j38hcjk0atulqm3slel2cfdr4jz6x4dzdlnqwz7lp4kyt33vnsshljj0
27,1037e889d88d8cd5391e2b5865dabaa6533a00d5f8355682b6833d20af63985a,"{""voter_delegations"":[{""voting_key"":""c7c42e5dbced8c82b9836b29b289301d71407e4bbcd7c6465e3f279129a8b35e"",""votePublicKey"":""ed25519_pk1clzzuhduakxg9wvrdv5m9zfsr4c5qljthntuv3j78unez2dgkd0qn2r6ch"",""weight"":1,""catId"":""ca1qhrugtjahnkceq4esd4jnv5fxqwhzsr7fw7d03jxtclj0yff4ze4ujm2sad""}],""txType"":""cip36"",""stake_pub"":""ed25519_pk1u7azqevhd32jvgnyh4f3zsj9aepm4ncgat5wq6mdff4qm22sjj9qepf3dr"",""stake_hex"":""e0468bfb1fc096297a108bfdfb3bd6aa7eb4182f378bbe0241fd50c18c"",""stake_key"":""stake_test1uprgh7clcztzj7ss307lkw7k4fltgxp0x79muqjpl4gvrrqxcnvpz"",""payment_address"":""addr_test1vpfwv0ezc5g8a4mkku8hhy3y3vp92t7s3ul8g778g5yegsgalc6gc"",""nonce"":25380417,""voting_purpose"":0}","{""1"": [[""0xc7c42e5dbced8c82b9836b29b289301d71407e4bbcd7c6465e3f279129a8b35e"", 1]], ""2"": ""0xe7ba2065976c55262264bd53114245ee43bacf08eae8e06b6d4a6a0da950948a"", ""3"": ""0x6052e63f22c5107ed776b70f7b92248b02552fd08f3e747bc745099441"", ""4"": 25380417, ""5"": 0}",ee406de6c105793c3693cd5b117ce7faacb9e2fa539f547e6fec8071bd817b80,"[{""address"":""addr_test1qrlvt2gzuvrhq7m2k00rsyzfrrqwx085cdqgum7w5nc2rxwpxkp2ajdyflxxmxztuqpu2pvvvc8p6tl3xu8a3dym5uls50mr97"",""amount"":[{""unit"":""lovelace"",""quantity"":""10000688446""}],""tx_hash"":""a73fc560643d6bc6fd5facce5f43b31f4befe818469e34550fd36f23550ae0fd"",""output_index"":0,""data_hash"":null,""inline_datum"":null,""reference_script_hash"":null,""collateral"":false,""reference"":false},{""address"":""addr_test1qrlvt2gzuvrhq7m2k00rsyzfrrqwx085cdqgum7w5nc2rxwpxkp2ajdyflxxmxztuqpu2pvvvc8p6tl3xu8a3dym5uls50mr97"",""amount"":[{""unit"":""lovelace"",""quantity"":""1150770""},{""unit"":""d35c752af635d9e9cb79aea44537a57a5ecd91e23133cd7f210f00706d544f5349"",""quantity"":""4""}],""tx_hash"":""a73fc560643d6bc6fd5facce5f43b31f4befe818469e34550fd36f23550ae0fd"",""output_index"":1,""data_hash"":null,""inline_datum"":null,""reference_script_hash"":null,""collateral"":false,""reference"":false}]","[{""address"":""addr_test1qrlvt2gzuvrhq7m2k00rsyzfrrqwx085cdqgum7w5nc2rxwpxkp2ajdyflxxmxztuqpu2pvvvc8p6tl3xu8a3dym5uls50mr97"",""amount"":[{""unit"":""lovelace"",""quantity"":""10000496061""}],""output_index"":0,""data_hash"":null,""inline_datum"":null,""collateral"":false,""reference_script_hash"":null,""consumed_by_tx"":""1a1b758c6f5f17a02fdfc39d86708dd5906d2889551b4335cc18ea8b65521b20""},{""address"":""addr_test1qrlvt2gzuvrhq7m2k00rsyzfrrqwx085cdqgum7w5nc2rxwpxkp2ajdyflxxmxztuqpu2pvvvc8p6tl3xu8a3dym5uls50mr97"",""amount"":[{""unit"":""lovelace"",""quantity"":""1150770""},{""unit"":""d35c752af635d9e9cb79aea44537a57a5ecd91e23133cd7f210f00706d544f5349"",""quantity"":""4""}],""output_index"":1,""data_hash"":null,""inline_datum"":null,""collateral"":false,""reference_script_hash"":null,""consumed_by_tx"":""1a1b758c6f5f17a02fdfc39d86708dd5906d2889551b4335cc18ea8b65521b20""}]",cip36,8/14/2023 18:09,293,stake_test1uprgh7clcztzj7ss307lkw7k4fltgxp0x79muqjpl4gvrrqxcnvpz,ed25519_pk1u7azqevhd32jvgnyh4f3zsj9aepm4ncgat5wq6mdff4qm22sjj9qepf3dr
28,0af8138e39b05b5fcd421b04ea0d8bfa850501144db532f40075af81aaeb8868,"{""voter_delegations"":[{""voting_key"":""2ee7d7b11532dc121cca28b0875c71dc8976e0b785cd44150bcf3a680edebe59"",""votePublicKey"":""ed25519_pk19mna0vg4xtwpy8x29zcgwhr3mjyhdc9hshx5g9gteuaxsrk7hevse0t8ce"",""weight"":1,""catId"":""ca1q5hw04a3z5edcysueg5tpp6uw8wgjahqk7zu63q4p08n56qwm6l9jkdshsg""}],""txType"":""cip15"",""stake_pub"":""ed25519_pk1p53m4ax2vvyk2wnsr7c2hfye23vev5wrv7u4mz7m5295q2cqtnks349rql"",""stake_hex"":""e0121ada03351cc46193e75bedf0da7b05b062c973c80bedd70d0b4a0d"",""stake_key"":""stake_test1uqfp4ksrx5wvgcvnuad7mux60vzmqckfw0yqhmwhp5955rgfek2a5"",""payment_address"":""addr_test1qqy5ftz842wu8duqy448vs80h35vf4hn5qtguaj3a5t0mccjrtdqxdguc3se8e6mahcd57c9kp3vju7gp0kawrgtfgxspvkfpd"",""nonce"":30754955}","{""1"": ""0x2ee7d7b11532dc121cca28b0875c71dc8976e0b785cd44150bcf3a680edebe59"", ""2"": ""0x0d23baf4ca6309653a701fb0aba49954599651c367b95d8bdba28b402b005ced"", ""3"": ""0x000944ac47aa9dc3b780256a7640efbc68c4d6f3a0168e7651ed16fde3121ada03351cc46193e75bedf0da7b05b062c973c80bedd70d0b4a0d"", ""4"": 30754955}",b89b794ad28f5ab97f7f19041891019018bfd95b97df3420446512fc35c5561b,"[{""address"":""addr_test1qqntsc56xgmpf4p7xdrtj4wcc08nmxxp4ns9qcqfxq6c9jqjrtdqxdguc3se8e6mahcd57c9kp3vju7gp0kawrgtfgxsd6svgy"",""amount"":[{""unit"":""lovelace"",""quantity"":""2498250000""}],""tx_hash"":""28ee511f08e48ea7a39f849f338ce9de4d76be085a0ff77fcaa83027d6c29614"",""output_index"":2,""data_hash"":null,""inline_datum"":null,""reference_script_hash"":null,""collateral"":false,""reference"":false}]","[{""address"":""addr_test1qpwffqxqhlne4gqpeyysn2zks9m2vkv7w8a8ys53e9mvzrsjrtdqxdguc3se8e6mahcd57c9kp3vju7gp0kawrgtfgxs7ez2uh"",""amount"":[{""unit"":""lovelace"",""quantity"":""2498073719""}],""output_index"":0,""data_hash"":null,""inline_datum"":null,""collateral"":false,""reference_script_hash"":null,""consumed_by_tx"":null}]",cip15,10/15/2023 23:03,355,stake_test1uqfp4ksrx5wvgcvnuad7mux60vzmqckfw0yqhmwhp5955rgfek2a5,ed25519_pk1p53m4ax2vvyk2wnsr7c2hfye23vev5wrv7u4mz7m5295q2cqtnks349rql
29,876bec145ca122abc6d9b315ee6d00ff07f44f1a1bfea6358d8cca8faa1b20de,"{""voter_delegations"":[{""voting_key"":""8700afde2d412ae0946f277aff4522d0dbc9aa497bd13d6bd0a2cc18f166d190"",""votePublicKey"":""ed25519_pk1suq2lh3dgy4wp9r0yaa073fz6rdun2jf00gn667s5txp3utx6xgq5jj0he"",""weight"":1,""catId"":""ca1qkrspt7794qj4cy5dunh4l69ytgdhjd2f9aaz0tt6z3vcx83vmgeqc3fdh6""}],""txType"":""cip36"",""stake_pub"":""ed25519_pk1p3fmtc0372slmmn2hcum6p4qtehr8nswlczymt7a7cysguudka9qw4aucr"",""stake_hex"":""e0ac69604469f7856e3364318aabbc21f4c2586f8d7d5931929beb663d"",""stake_key"":""stake_test1uzkxjczyd8mc2m3nvscc42auy86vykr03474jvvjn04kv0g4z3h0t"",""payment_address"":""addr_test1qzsjd552905cl6gcpqwe5kjcqtl02ge79j7yg2q2f2ch6e9vd9syg60hs4hrxep3324mcg05cfvxlrtatyce9xltvc7sj48k27"",""nonce"":127054454,""voting_purpose"":0}","{""1"": [[""0x8700afde2d412ae0946f277aff4522d0dbc9aa497bd13d6bd0a2cc18f166d190"", 1]], ""2"": ""0x0c53b5e1f1f2a1fdee6abe39bd06a05e6e33ce0efe044dafddf60904738db74a"", ""3"": ""0x00a126d28a2be98fe918081d9a5a5802fef5233e2cbc44280a4ab17d64ac69604469f7856e3364318aabbc21f4c2586f8d7d5931929beb663d"", ""4"": 127054454, ""5"": 0}",adb18ad05bafa864634f6bb5cde2760067a95c5ca600bf2b1b3e4699e0b94293,"[{""address"":""addr_test1qzsjd552905cl6gcpqwe5kjcqtl02ge79j7yg2q2f2ch6e9vd9syg60hs4hrxep3324mcg05cfvxlrtatyce9xltvc7sj48k27"",""amount"":[{""unit"":""lovelace"",""quantity"":""97828999""}],""tx_hash"":""3531d198243f5c563c2fba78c1d52ebd1829dd9a7b8700830e413aba09b72592"",""output_index"":0,""data_hash"":null,""inline_datum"":null,""reference_script_hash"":null,""collateral"":false,""reference"":false}]","[{""address"":""addr_test1qzsjd552905cl6gcpqwe5kjcqtl02ge79j7yg2q2f2ch6e9vd9syg60hs4hrxep3324mcg05cfvxlrtatyce9xltvc7sj48k27"",""amount"":[{""unit"":""lovelace"",""quantity"":""97648318""}],""output_index"":0,""data_hash"":null,""inline_datum"":null,""collateral"":false,""reference_script_hash"":null,""consumed_by_tx"":null}]",cip36,6/17/2024 10:39,601,stake_test1uzkxjczyd8mc2m3nvscc42auy86vykr03474jvvjn04kv0g4z3h0t,ed25519_pk1p3fmtc0372slmmn2hcum6p4qtehr8nswlczymt7a7cysguudka9qw4aucr
30,34b665c102bdb61989b66581dca3f7d0d843dbd4ad7c5946c0152b9eb5a30ce4,"{""voter_delegations"":[{""voting_key"":""01a433b9bac1ebd21a54fccb5cd488b35b5b755177c212bdac76a0727445ab70"",""votePublicKey"":""ed25519_pk1qxjr8wd6c84ayxj5ln94e4ygkdd4ka23wlpp90dvw6s8yaz94dcqkp9ze7"",""weight"":1,""catId"":""ca1q5q6gvaehtq7h5s62n7vkhx53ze4kkm429muyy4a43m2qun5gk4hqfx88ez""}],""txType"":""cip15"",""stake_pub"":""ed25519_pk1vjsxxs39v2629uzassdtnvtlzftaaxzz7eq339xysrvm843g02zszadu2h"",""stake_hex"":""e0e007438d6856e2c13dbc56a510c829a3fff53e4f3ecdd55e9bdf6c48"",""stake_key"":""stake_test1ursqwsuddptw9sfah3t22yxg9x3llaf7fulvm427n00kcjq4h7ds9"",""payment_address"":""addr_test1qzzmvvzyu3m24ytv83pdkdj5n5lm0phc0593x4dr0ppxchlqqapc66zkutqnm0zk55gvs2drll6nune7eh24ax7ld3yqskjlnt"",""nonce"":55935161}","{""1"": ""0x01a433b9bac1ebd21a54fccb5cd488b35b5b755177c212bdac76a0727445ab70"", ""2"": ""0x64a063422562b4a2f05d841ab9b17f1257de9842f6411894c480d9b3d6287a85"", ""3"": ""0x0085b63044e476aa916c3c42db36549d3fb786f87d0b1355a378426c5fe007438d6856e2c13dbc56a510c829a3fff53e4f3ecdd55e9bdf6c48"", ""4"": 55935161}",c9951370be90da4300745b77b38023f86e6347598fe3b2c6da97131206b7e4b7,"[{""address"":""addr_test1qq23slzec7hv89p0z87t7f229d9vnscz60k4gef9dwdrkyhqqapc66zkutqnm0zk55gvs2drll6nune7eh24ax7ld3yqpf8ktt"",""amount"":[{""unit"":""lovelace"",""quantity"":""9956286801""}],""tx_hash"":""a01c0a6ec8837479def4da171dbdec77e65c7f43be0f926e8ef4a149f3815464"",""output_index"":0,""data_hash"":null,""inline_datum"":null,""reference_script_hash"":null,""collateral"":false,""reference"":false}]","[{""address"":""addr_test1qzzmvvzyu3m24ytv83pdkdj5n5lm0phc0593x4dr0ppxchlqqapc66zkutqnm0zk55gvs2drll6nune7eh24ax7ld3yqskjlnt"",""amount"":[{""unit"":""lovelace"",""quantity"":""1000000""}],""output_index"":0,""data_hash"":null,""inline_datum"":null,""collateral"":false,""reference_script_hash"":null,""consumed_by_tx"":""6fda308347bd0b90e0eca2ce537612388c2a33203a1bfa8d1a3d1d50d15a49d2""},{""address"":""addr_test1qpx6g633m8cs8jthals4vzjdq07qe3xm0u3hg822t28mg7hqqapc66zkutqnm0zk55gvs2drll6nune7eh24ax7ld3yq2ckaeh"",""amount"":[{""unit"":""lovelace"",""quantity"":""9955107044""}],""output_index"":1,""data_hash"":null,""inline_datum"":null,""collateral"":false,""reference_script_hash"":null,""consumed_by_tx"":""6fda308347bd0b90e0eca2ce537612388c2a33203a1bfa8d1a3d1d50d15a49d2""}]",cip15,8/2/2024 9:33,647,stake_test1ursqwsuddptw9sfah3t22yxg9x3llaf7fulvm427n00kcjq4h7ds9,ed25519_pk1vjsxxs39v2629uzassdtnvtlzftaaxzz7eq339xysrvm843g02zszadu2h
31,5664ff3ced3ba487b834d80abe8fe993b4b027fbf4a7758f7a0dae3a20bc9534,"{""voter_delegations"":[{""voting_key"":""e12dc2af62d86760e501097f66ebaf5465fce8c5b3b89b2f17ed805f98ab1e3a"",""votePublicKey"":""ed25519_pk1uyku9tmzmpnkpegpp9lkd6a023jle6x9kwufktchakq9lx9trcaqxusl27"",""weight"":1,""catId"":""ca1qhsjms40vtvxwc89qyyh7eht4a2xtl8gckem3xe0zlkcqhuc4v0r5d5hw5h""}],""txType"":""cip15"",""stake_pub"":""ed25519_pk1y0juyy7ndsw5lv2rsp68a9sm0xg5kv282us2vnekc3z2dklpzcjqqjl9d7"",""stake_hex"":""e0d08512bc1b410a4ddb448d94b6fd035600469e44e90371e48e860135"",""stake_key"":""stake_test1urgg2y4urdqs5nwmgjxefdhaqdtqq357gn5sxu0y36rqzdgmy0692"",""payment_address"":""addr_test1qpw2y6zk2yzk2fsagj9mlvj83n2gh8y6rs724qyl3n65fs7ss5ftcx6ppfxak3ydjjm06q6kqprfu38fqdc7fr5xqy6sh4lalu"",""nonce"":55936001}","{""1"": ""0xe12dc2af62d86760e501097f66ebaf5465fce8c5b3b89b2f17ed805f98ab1e3a"", ""2"": ""0x23e5c213d36c1d4fb14380747e961b79914b31475720a64f36c444a6dbe11624"", ""3"": ""0x005ca26856510565261d448bbfb2478cd48b9c9a1c3caa809f8cf544c3d08512bc1b410a4ddb448d94b6fd035600469e44e90371e48e860135"", ""4"": 55936001}",6152a81f12988f8eeaded2aea05adb93a8664b3e5ec899b9b6ec1c246dbf09a5,"[{""address"":""addr_test1qzxsrzqvt94pe2es4upp5q0ufqpsgne4lvutcxhc6trnnpwss5ftcx6ppfxak3ydjjm06q6kqprfu38fqdc7fr5xqy6s6f65wz"",""amount"":[{""unit"":""lovelace"",""quantity"":""2000000""},{""unit"":""fa3eff2047fdf9293c5feef4dc85ce58097ea1c6da4845a35153518374494e4459"",""quantity"":""3""}],""tx_hash"":""c1682bb992a0406081afcd1dfaae1281a7655630e542c7c3bdccabd3edc2cfe9"",""output_index"":0,""data_hash"":null,""inline_datum"":null,""reference_script_hash"":null,""collateral"":false,""reference"":false},{""address"":""addr_test1qrhu72h9shz30kdsy0f785a0t4rc7k780jqz5vme027qr5xss5ftcx6ppfxak3ydjjm06q6kqprfu38fqdc7fr5xqy6sgtmpc3"",""amount"":[{""unit"":""lovelace"",""quantity"":""9995644842""},{""unit"":""fa3eff2047fdf9293c5feef4dc85ce58097ea1c6da4845a35153518374494e4459"",""quantity"":""117""}],""tx_hash"":""da31e9b59fd807584f7bf0765a9c85f1c9a5638d4f301e2ee10bfdeb12bd6b19"",""output_index"":0,""data_hash"":null,""inline_datum"":null,""reference_script_hash"":null,""collateral"":false,""reference"":false}]","[{""address"":""addr_test1qpw2y6zk2yzk2fsagj9mlvj83n2gh8y6rs724qyl3n65fs7ss5ftcx6ppfxak3ydjjm06q6kqprfu38fqdc7fr5xqy6sh4lalu"",""amount"":[{""unit"":""lovelace"",""quantity"":""1000000""}],""output_index"":0,""data_hash"":null,""inline_datum"":null,""collateral"":false,""reference_script_hash"":null,""consumed_by_tx"":null},{""address"":""addr_test1qq5ukmcppls44260nfdt34wk9plcqkw7eyp0sk5knc5cgxxss5ftcx6ppfxak3ydjjm06q6kqprfu38fqdc7fr5xqy6s3l6ltn"",""amount"":[{""unit"":""lovelace"",""quantity"":""9996457253""},{""unit"":""fa3eff2047fdf9293c5feef4dc85ce58097ea1c6da4845a35153518374494e4459"",""quantity"":""120""}],""output_index"":1,""data_hash"":null,""inline_datum"":null,""collateral"":false,""reference_script_hash"":null,""consumed_by_tx"":null}]",cip15,8/2/2024 9:47,647,stake_test1urgg2y4urdqs5nwmgjxefdhaqdtqq357gn5sxu0y36rqzdgmy0692,ed25519_pk1y0juyy7ndsw5lv2rsp68a9sm0xg5kv282us2vnekc3z2dklpzcjqqjl9d7
32,4d15a9d2c237245884bc5fb3423d3948f531a78716ce91db8d6f8ea6cf943d3b,"{""voter_delegations"":[{""voting_key"":""663968d3aa16c49bfd82e1773f23fffedcc2fd209d557f241bda50c064a7b978"",""votePublicKey"":""ed25519_pk1vcuk35a2zmzfhlvzu9mn7glllmwv9lfqn42h7fqmmfgvqe98h9uqt3upxc"",""weight"":1,""catId"":""ca1q4nrj6xn4gtvfxlastshw0erllldeshayzw42leyr0d9psry57uhspqwtah""}],""txType"":""cip36"",""stake_pub"":""ed25519_pk1hrhgv4kxafr7u40ll8tp0ny5v2h6vj68j7rsmqkjt20d73nczpesdvqym7"",""stake_hex"":""e0545768b0ad202ec2e09596c5bd22d966e1905b2e2a3f017344f7864a"",""stake_key"":""stake_test1up29w69s45szashqjktvt0fzm9nwryzm9c4r7qtngnmcvjsdge2aj"",""payment_address"":""addr_test1qz6d9ajfnq54hq7s24jq09gggt9p3r3x3sgrth4s3hjcth252a5tptfq9mpwp9vkck7j9ktxuxg9kt328uqhx38hse9qlyh5l4"",""nonce"":61213925,""voting_purpose"":0}","{""1"": [[""0x663968d3aa16c49bfd82e1773f23fffedcc2fd209d557f241bda50c064a7b978"", 1]], ""2"": ""0xb8ee8656c6ea47ee55fff9d617cc9462afa64b4797870d82d25a9edf46781073"", ""3"": ""0x00b4d2f64998295b83d0556407950842ca188e268c1035deb08de585dd545768b0ad202ec2e09596c5bd22d966e1905b2e2a3f017344f7864a"", ""4"": 61213925, ""5"": 0}",50b52ac632e129ea0d1d62f06178b04cbbbc03cb8f5ae25f17bce5883ade77ee,"[{""address"":""addr_test1qpt8e3uyapfnul9g42lh4m707ym3lrhp8z49yd3sg0mynd252a5tptfq9mpwp9vkck7j9ktxuxg9kt328uqhx38hse9qk5u3uj"",""amount"":[{""unit"":""lovelace"",""quantity"":""1000000""}],""tx_hash"":""159e2777f5dffef5f6b270e10dbf938a671193cce306c2d36c691ae612c2d7a0"",""output_index"":0,""data_hash"":null,""inline_datum"":null,""reference_script_hash"":null,""collateral"":false,""reference"":false},{""address"":""addr_test1qzltfvq8kccqsfj4a7w9wfdd08yp8j5jz74ryl78lzy3ky652a5tptfq9mpwp9vkck7j9ktxuxg9kt328uqhx38hse9q2f04ws"",""amount"":[{""unit"":""lovelace"",""quantity"":""9982349320""}],""tx_hash"":""159e2777f5dffef5f6b270e10dbf938a671193cce306c2d36c691ae612c2d7a0"",""output_index"":1,""data_hash"":null,""inline_datum"":null,""reference_script_hash"":null,""collateral"":false,""reference"":false}]","[{""address"":""addr_test1qpa7dzlmaqnzzt0vlcfpkg5vp82vt5ygsr6gn42d4r3tmf252a5tptfq9mpwp9vkck7j9ktxuxg9kt328uqhx38hse9qwvtn8s"",""amount"":[{""unit"":""lovelace"",""quantity"":""9983166527""}],""output_index"":0,""data_hash"":null,""inline_datum"":null,""collateral"":false,""reference_script_hash"":null,""consumed_by_tx"":""c378e9684d3f8eebe9cc936ea96c09c286d34267a189af810966b38dae46a6ae""}]",cip36,10/2/2024 11:52,708,stake_test1up29w69s45szashqjktvt0fzm9nwryzm9c4r7qtngnmcvjsdge2aj,ed25519_pk1hrhgv4kxafr7u40ll8tp0ny5v2h6vj68j7rsmqkjt20d73nczpesdvqym7
33,c378e9684d3f8eebe9cc936ea96c09c286d34267a189af810966b38dae46a6ae,"{""voter_delegations"":[{""voting_key"":""7874b9b853b0872eb1227fab6bc589cafcc1ffe0822814972e0a526340f9b6fd"",""votePublicKey"":""ed25519_pk10p6tnwznkzrjavfz074kh3vfet7vrllqsg5pf9ewpffxxs8ekm7srg3yss"",""weight"":1,""catId"":""ca1q4u8fwdc2wcgwt43yfl6k6793890es0luzpzs9yh9c99yc6qlxm06dn6fjl""}],""txType"":""cip36"",""stake_pub"":""ed25519_pk1hrhgv4kxafr7u40ll8tp0ny5v2h6vj68j7rsmqkjt20d73nczpesdvqym7"",""stake_hex"":""e0545768b0ad202ec2e09596c5bd22d966e1905b2e2a3f017344f7864a"",""stake_key"":""stake_test1up29w69s45szashqjktvt0fzm9nwryzm9c4r7qtngnmcvjsdge2aj"",""payment_address"":""addr_test1qz6d9ajfnq54hq7s24jq09gggt9p3r3x3sgrth4s3hjcth252a5tptfq9mpwp9vkck7j9ktxuxg9kt328uqhx38hse9qlyh5l4"",""nonce"":61214083,""voting_purpose"":0}","{""1"": [[""0x7874b9b853b0872eb1227fab6bc589cafcc1ffe0822814972e0a526340f9b6fd"", 1]], ""2"": ""0xb8ee8656c6ea47ee55fff9d617cc9462afa64b4797870d82d25a9edf46781073"", ""3"": ""0x00b4d2f64998295b83d0556407950842ca188e268c1035deb08de585dd545768b0ad202ec2e09596c5bd22d966e1905b2e2a3f017344f7864a"", ""4"": 61214083, ""5"": 0}",b2eea434208a9c08707cc6a0366b2cc61a105e74e4c658b022450798f4b5d407,"[{""address"":""addr_test1qpa7dzlmaqnzzt0vlcfpkg5vp82vt5ygsr6gn42d4r3tmf252a5tptfq9mpwp9vkck7j9ktxuxg9kt328uqhx38hse9qwvtn8s"",""amount"":[{""unit"":""lovelace"",""quantity"":""9983166527""}],""tx_hash"":""4d15a9d2c237245884bc5fb3423d3948f531a78716ce91db8d6f8ea6cf943d3b"",""output_index"":0,""data_hash"":null,""inline_datum"":null,""reference_script_hash"":null,""collateral"":false,""reference"":false}]","[{""address"":""addr_test1qzj905mu2u5ekd7xrncu5jvs0pvz583ea8sf0342pz4set652a5tptfq9mpwp9vkck7j9ktxuxg9kt328uqhx38hse9q9r4jse"",""amount"":[{""unit"":""lovelace"",""quantity"":""9982989762""}],""output_index"":0,""data_hash"":null,""inline_datum"":null,""collateral"":false,""reference_script_hash"":null,""consumed_by_tx"":""ee27d497015c6c73a8870dd1b7777d394fbfddc9cc7a734f3cce89051edf0498""}]",cip36,10/2/2024 11:59,708,stake_test1up29w69s45szashqjktvt0fzm9nwryzm9c4r7qtngnmcvjsdge2aj,ed25519_pk1hrhgv4kxafr7u40ll8tp0ny5v2h6vj68j7rsmqkjt20d73nczpesdvqym7
34,ee27d497015c6c73a8870dd1b7777d394fbfddc9cc7a734f3cce89051edf0498,"{""voter_delegations"":[{""voting_key"":""56fbcbefac50de290a0e1da2affbc0c1e99d8ca581283b25411ffa7a08e26ca6"",""votePublicKey"":""ed25519_pk12mauhmav2r0zjzswrk32l77qc85emr99sy5rkf2prla85z8zdjnqzlf80y"",""weight"":1,""catId"":""ca1q4t0hjl043gdu2g2pcw69tlmcrq7n8vv5kqjswe9gy0l57sgufk2vp8xueq""}],""txType"":""cip36"",""stake_pub"":""ed25519_pk1hrhgv4kxafr7u40ll8tp0ny5v2h6vj68j7rsmqkjt20d73nczpesdvqym7"",""stake_hex"":""e0545768b0ad202ec2e09596c5bd22d966e1905b2e2a3f017344f7864a"",""stake_key"":""stake_test1up29w69s45szashqjktvt0fzm9nwryzm9c4r7qtngnmcvjsdge2aj"",""payment_address"":""addr_test1qz6d9ajfnq54hq7s24jq09gggt9p3r3x3sgrth4s3hjcth252a5tptfq9mpwp9vkck7j9ktxuxg9kt328uqhx38hse9qlyh5l4"",""nonce"":61214747,""voting_purpose"":0}","{""1"": [[""0x56fbcbefac50de290a0e1da2affbc0c1e99d8ca581283b25411ffa7a08e26ca6"", 1]], ""2"": ""0xb8ee8656c6ea47ee55fff9d617cc9462afa64b4797870d82d25a9edf46781073"", ""3"": ""0x00b4d2f64998295b83d0556407950842ca188e268c1035deb08de585dd545768b0ad202ec2e09596c5bd22d966e1905b2e2a3f017344f7864a"", ""4"": 61214747, ""5"": 0}",d7efda9da171484b1bad386273d80545ad8fbfe45a1c59240e39b043c2475918,"[{""address"":""addr_test1qzj905mu2u5ekd7xrncu5jvs0pvz583ea8sf0342pz4set652a5tptfq9mpwp9vkck7j9ktxuxg9kt328uqhx38hse9q9r4jse"",""amount"":[{""unit"":""lovelace"",""quantity"":""9982989762""}],""tx_hash"":""c378e9684d3f8eebe9cc936ea96c09c286d34267a189af810966b38dae46a6ae"",""output_index"":0,""data_hash"":null,""inline_datum"":null,""reference_script_hash"":null,""collateral"":false,""reference"":false}]","[{""address"":""addr_test1qqpyguur0wx3rhjy3lvx65nujkc088j7zlcc3k76g678yzz52a5tptfq9mpwp9vkck7j9ktxuxg9kt328uqhx38hse9qngs6n2"",""amount"":[{""unit"":""lovelace"",""quantity"":""9982812997""}],""output_index"":0,""data_hash"":null,""inline_datum"":null,""collateral"":false,""reference_script_hash"":null,""consumed_by_tx"":""9fa94b2a9f3362f0f8e00bab8dfced6e317404b94dd040d26e690e5e9c82229d""}]",cip36,10/2/2024 12:06,708,stake_test1up29w69s45szashqjktvt0fzm9nwryzm9c4r7qtngnmcvjsdge2aj,ed25519_pk1hrhgv4kxafr7u40ll8tp0ny5v2h6vj68j7rsmqkjt20d73nczpesdvqym7
35,9fa94b2a9f3362f0f8e00bab8dfced6e317404b94dd040d26e690e5e9c82229d,"{""voter_delegations"":[{""voting_key"":""699770c5d59c869a751cb04228a0355377bee7f947bf6aeb6d0a3c099c3c53f7"",""votePublicKey"":""ed25519_pk1dxthp3w4njrf5agukppz3gp42dmmaeleg7lk46mdpg7qn8pu20ms6jypn8"",""weight"":1,""catId"":""ca1q45ewux96kwgdxn4rjcyy29qx4fh00h8l9rm76htd59rczvu83flwxu763f""}],""txType"":""cip36"",""stake_pub"":""ed25519_pk1hrhgv4kxafr7u40ll8tp0ny5v2h6vj68j7rsmqkjt20d73nczpesdvqym7"",""stake_hex"":""e0545768b0ad202ec2e09596c5bd22d966e1905b2e2a3f017344f7864a"",""stake_key"":""stake_test1up29w69s45szashqjktvt0fzm9nwryzm9c4r7qtngnmcvjsdge2aj"",""payment_address"":""addr_test1qz6d9ajfnq54hq7s24jq09gggt9p3r3x3sgrth4s3hjcth252a5tptfq9mpwp9vkck7j9ktxuxg9kt328uqhx38hse9qlyh5l4"",""nonce"":61214885,""voting_purpose"":0}","{""1"": [[""0x699770c5d59c869a751cb04228a0355377bee7f947bf6aeb6d0a3c099c3c53f7"", 1]], ""2"": ""0xb8ee8656c6ea47ee55fff9d617cc9462afa64b4797870d82d25a9edf46781073"", ""3"": ""0x00b4d2f64998295b83d0556407950842ca188e268c1035deb08de585dd545768b0ad202ec2e09596c5bd22d966e1905b2e2a3f017344f7864a"", ""4"": 61214885, ""5"": 0}",b0bf22bae865d1f2de81d1bb5f574a1f92358389114a7be43d5a1d2bddcc2455,"[{""address"":""addr_test1qqpyguur0wx3rhjy3lvx65nujkc088j7zlcc3k76g678yzz52a5tptfq9mpwp9vkck7j9ktxuxg9kt328uqhx38hse9qngs6n2"",""amount"":[{""unit"":""lovelace"",""quantity"":""9982812997""}],""tx_hash"":""ee27d497015c6c73a8870dd1b7777d394fbfddc9cc7a734f3cce89051edf0498"",""output_index"":0,""data_hash"":null,""inline_datum"":null,""reference_script_hash"":null,""collateral"":false,""reference"":false}]","[{""address"":""addr_test1qrgu0h9nkaj7xw5crxp5gh9wlra647v6dujvehrv46990f652a5tptfq9mpwp9vkck7j9ktxuxg9kt328uqhx38hse9q0k3r2a"",""amount"":[{""unit"":""lovelace"",""quantity"":""9982636232""}],""output_index"":0,""data_hash"":null,""inline_datum"":null,""collateral"":false,""reference_script_hash"":null,""consumed_by_tx"":""416f0499ddbfdcf49fc4b7f11b6c642b2cc612b33266baccc308011c1d6752a7""}]",cip36,10/2/2024 12:08,708,stake_test1up29w69s45szashqjktvt0fzm9nwryzm9c4r7qtngnmcvjsdge2aj,ed25519_pk1hrhgv4kxafr7u40ll8tp0ny5v2h6vj68j7rsmqkjt20d73nczpesdvqym7
36,416f0499ddbfdcf49fc4b7f11b6c642b2cc612b33266baccc308011c1d6752a7,"{""voter_delegations"":[{""voting_key"":""0503a249baf2c9ac01dccc4e90f82fc7f044dabfa0181697e788e55997ac5909"",""votePublicKey"":""ed25519_pk1q5p6yjd67ty6cqwue38fp7p0clcyfk4l5qvpd9l83rj4n9avtyysq25hf3"",""weight"":1,""catId"":""ca1q5zs8gjfhtevntqpmnxyay8c9lrlq3x6h7sps95hu7yw2kvh43vsjqsq838""}],""txType"":""cip36"",""stake_pub"":""ed25519_pk1hrhgv4kxafr7u40ll8tp0ny5v2h6vj68j7rsmqkjt20d73nczpesdvqym7"",""stake_hex"":""e0545768b0ad202ec2e09596c5bd22d966e1905b2e2a3f017344f7864a"",""stake_key"":""stake_test1up29w69s45szashqjktvt0fzm9nwryzm9c4r7qtngnmcvjsdge2aj"",""payment_address"":""addr_test1qz6d9ajfnq54hq7s24jq09gggt9p3r3x3sgrth4s3hjcth252a5tptfq9mpwp9vkck7j9ktxuxg9kt328uqhx38hse9qlyh5l4"",""nonce"":61216214,""voting_purpose"":0}","{""1"": [[""0x0503a249baf2c9ac01dccc4e90f82fc7f044dabfa0181697e788e55997ac5909"", 1]], ""2"": ""0xb8ee8656c6ea47ee55fff9d617cc9462afa64b4797870d82d25a9edf46781073"", ""3"": ""0x00b4d2f64998295b83d0556407950842ca188e268c1035deb08de585dd545768b0ad202ec2e09596c5bd22d966e1905b2e2a3f017344f7864a"", ""4"": 61216214, ""5"": 0}",b9ae10902864b5204fcb0a60137434312ca3b69e6640ead75e061f811eba7ace,"[{""address"":""addr_test1qrgu0h9nkaj7xw5crxp5gh9wlra647v6dujvehrv46990f652a5tptfq9mpwp9vkck7j9ktxuxg9kt328uqhx38hse9q0k3r2a"",""amount"":[{""unit"":""lovelace"",""quantity"":""9982636232""}],""tx_hash"":""9fa94b2a9f3362f0f8e00bab8dfced6e317404b94dd040d26e690e5e9c82229d"",""output_index"":0,""data_hash"":null,""inline_datum"":null,""reference_script_hash"":null,""collateral"":false,""reference"":false}]","[{""address"":""addr_test1qqya3qxqlkqx4ntgzk48cyw6v0ed744lg733d6dms6vs59j52a5tptfq9mpwp9vkck7j9ktxuxg9kt328uqhx38hse9qmsswz7"",""amount"":[{""unit"":""lovelace"",""quantity"":""9982459467""}],""output_index"":0,""data_hash"":null,""inline_datum"":null,""collateral"":false,""reference_script_hash"":null,""consumed_by_tx"":""a89fbf7a55cde7ff07582e7af1352ade6c34791a1ebe4fe505fc24c7b0269a71""}]",cip36,10/2/2024 12:30,708,stake_test1up29w69s45szashqjktvt0fzm9nwryzm9c4r7qtngnmcvjsdge2aj,ed25519_pk1hrhgv4kxafr7u40ll8tp0ny5v2h6vj68j7rsmqkjt20d73nczpesdvqym7
37,f248ba35fed25343393d419bb81db6c851698d11da711606d0f811acc3d04db1,"{""voter_delegations"":[{""voting_key"":""0a52a4b513c6dbba442f25756d635f67c9c29a36dc86af5637f4df7967bb08d8"",""votePublicKey"":""ed25519_pk1pff2fdgncmdm53p0y46k6c6lvlyu9x3kmjr2743h7n0hjeamprvqw7t6uw"",""weight"":1,""catId"":""ca1q5999f94z0rdhwjy9ujh2mtrtanuns56xmwgdt6kxl6d77t8hvydsrln53v""}],""txType"":""cip36"",""stake_pub"":""ed25519_pk1kdsypxa6ykn9jynttkngxqkdwtr5gate7dnhsp5fscgyglgsd5pqpvt7ck"",""stake_hex"":""e0294dce7a1a94fc4456624be2ad62ad83a2e566fc3c2aa69aa0a5d585"",""stake_key"":""stake_test1uq55mnn6r220c3zkvf979ttz4kp69etxls7z4f565zjatpgm78jem"",""payment_address"":""addr_test1qpcz7le4uaz08urmxzrx6sp06cd0k75c2lfnvxv3azkxh3fffh885x55l3z9vcjtu2kk9tvr5tjkdlpu92nf4g996kzspgs4wl"",""nonce"":139714442,""voting_purpose"":0}","{""1"": [[""0x0a52a4b513c6dbba442f25756d635f67c9c29a36dc86af5637f4df7967bb08d8"", 1]], ""2"": ""0xb360409bba25a659126b5da68302cd72c7447579f3677806898610447d106d02"", ""3"": ""0x00702f7f35e744f3f07b30866d402fd61afb7a9857d3361991e8ac6bc5294dce7a1a94fc4456624be2ad62ad83a2e566fc3c2aa69aa0a5d585"", ""4"": 139714442, ""5"": 0}",e9dcd86bf91e5e8199cab5facaa030c459ab168f6a8145253ed32a94ce7ae0be,"[{""address"":""addr_test1qpcz7le4uaz08urmxzrx6sp06cd0k75c2lfnvxv3azkxh3fffh885x55l3z9vcjtu2kk9tvr5tjkdlpu92nf4g996kzspgs4wl"",""amount"":[{""unit"":""lovelace"",""quantity"":""50097288364""}],""tx_hash"":""f4abd92df53c1e7b75064b7cfc6a5eb00acbc7a820f7a687c1be0565f7db22f4"",""output_index"":0,""data_hash"":null,""inline_datum"":null,""reference_script_hash"":null,""collateral"":false,""reference"":false}]","[{""address"":""addr_test1qpcz7le4uaz08urmxzrx6sp06cd0k75c2lfnvxv3azkxh3fffh885x55l3z9vcjtu2kk9tvr5tjkdlpu92nf4g996kzspgs4wl"",""amount"":[{""unit"":""lovelace"",""quantity"":""50097111423""}],""output_index"":0,""data_hash"":null,""inline_datum"":null,""collateral"":false,""reference_script_hash"":null,""consumed_by_tx"":""8b0b428f6278e36ccdbe985a9798de65be57533414c1ce2116efcd8b651542af""}]",cip36,11/10/2024 23:19,747,stake_test1uq55mnn6r220c3zkvf979ttz4kp69etxls7z4f565zjatpgm78jem,ed25519_pk1kdsypxa6ykn9jynttkngxqkdwtr5gate7dnhsp5fscgyglgsd5pqpvt7ck
38,5ae9d9ae0fe2b17c0488eec30cf4671e64ad83ac609a8c62ee62769b98dcaa1f,"{""voter_delegations"":[{""voting_key"":""da7287e825012fa5b49809649d888fbd8eecd954e8dd35f6cdee24c0e59d9042"",""votePublicKey"":""ed25519_pk1mfeg06p9qyh6tdycp9jfmzy0hk8wek25arwntakdacjvpevajppqtymtat"",""weight"":1,""catId"":""ca1qhd89plgy5qjlfd5nqykf8vg377camxe2n5d6d0kehhzfs89nkgyy6nhn0n""}],""txType"":""cip36"",""stake_pub"":""ed25519_pk1r27eytgy5mwg6spr582p00m88y5qgd9saq0rnc8kq5v0vsqqh6yqjshr8c"",""stake_hex"":""e0a3030f28de601b60f96a9ca26f64ec7e1089e8dff41c6d0f8b46be2d"",""stake_key"":""stake_test1uz3sxregmespkc8ed2w2ymmya3lppz0gml6pcmg03drtutguzuef0"",""payment_address"":""addr_test1qqnqglqwf696ucpvd03e76tflskkp889ytq4zk0fpv0yy5drqv8j3hnqrds0j65u5fhkfmr7zzy73hl5r3kslz6xhcksx7x32e"",""nonce"":139715439,""voting_purpose"":0}","{""1"": [[""0xda7287e825012fa5b49809649d888fbd8eecd954e8dd35f6cdee24c0e59d9042"", 1]], ""2"": ""0x1abd922d04a6dc8d4023a1d417bf6739280434b0e81e39e0f60518f64000be88"", ""3"": ""0x0026047c0e4e8bae602c6be39f6969fc2d609ce522c15159e90b1e4251a3030f28de601b60f96a9ca26f64ec7e1089e8dff41c6d0f8b46be2d"", ""4"": 139715439, ""5"": 0}",78cf7ffdbd0111da779ce7671357ccdcaa40aacdc8bbbf7536811e5113564cb0,"[{""address"":""addr_test1qqnqglqwf696ucpvd03e76tflskkp889ytq4zk0fpv0yy5drqv8j3hnqrds0j65u5fhkfmr7zzy73hl5r3kslz6xhcksx7x32e"",""amount"":[{""unit"":""lovelace"",""quantity"":""26523246123""}],""tx_hash"":""e2ceef04b605b957ed66d0d17a8b70bb6b1fc688231f6dbb632db8122611af88"",""output_index"":0,""data_hash"":null,""inline_datum"":null,""reference_script_hash"":null,""collateral"":false,""reference"":false}]","[{""address"":""addr_test1qqnqglqwf696ucpvd03e76tflskkp889ytq4zk0fpv0yy5drqv8j3hnqrds0j65u5fhkfmr7zzy73hl5r3kslz6xhcksx7x32e"",""amount"":[{""unit"":""lovelace"",""quantity"":""26523069182""}],""output_index"":0,""data_hash"":null,""inline_datum"":null,""collateral"":false,""reference_script_hash"":null,""consumed_by_tx"":""c61538fffca4a06e233c17f566e7c66c222c3d972ee9658b4b9211ab7d5d6490""}]",cip36,11/10/2024 23:35,747,stake_test1uz3sxregmespkc8ed2w2ymmya3lppz0gml6pcmg03drtutguzuef0,ed25519_pk1r27eytgy5mwg6spr582p00m88y5qgd9saq0rnc8kq5v0vsqqh6yqjshr8c
39,104814fb14072d07566169b30942c9d70adc8c20bb48697d80e2f6489e9771cf,"{""voter_delegations"":[{""voting_key"":""ea4d0ec4ab6ec76621a488e156e10e0c6dfa1942f7002c30521d4018865539a3"",""votePublicKey"":""ed25519_pk1afxsa39tdmrkvgdy3rs4dcgwp3kl5x2z7uqzcvzjr4qp3pj48x3sryl0e8"",""weight"":1,""catId"":""ca1qh4y6rky4dhvwe3p5jywz4hppcxxm7segtmsqtps2gw5qxyx25u6xpzmzf0""}],""txType"":""cip36"",""stake_pub"":""ed25519_pk1nxkwks6utsg48rmcl9mqahsd3gwn8zeec492kqetnphk4na9fphss2a9xz"",""stake_hex"":""e046bf07fedee768e4b9bdd5ff98a347c7ab072a5baf9cd3a9bd48224c"",""stake_key"":""stake_test1uprt7pl7mmnk3e9ehh2llx9rglr6kpe2twhee5afh4yzynq4dskny"",""payment_address"":""addr_test1qrdrg6scldym0ue3g2rlxq5f6m68r6hy83yc6scsywawv3zxhurlahh8drjtn0w4l7v2x3784vrj5ka0nnf6n02gyfxqjvh7ch"",""nonce"":145329843,""voting_purpose"":0}","{""1"": [[""0xea4d0ec4ab6ec76621a488e156e10e0c6dfa1942f7002c30521d4018865539a3"", 1]], ""2"": ""0x99aceb435c5c11538f78f9760ede0d8a1d338b39c54aab032b986f6acfa5486f"", ""3"": ""0x00da346a18fb49b7f3314287f30289d6f471eae43c498d431023bae64446bf07fedee768e4b9bdd5ff98a347c7ab072a5baf9cd3a9bd48224c"", ""4"": 145329843, ""5"": 0}",908b788e7d2531518befa80000a811b5c483183887f27a754e7791e17c4269cb,"[{""address"":""addr_test1qrdrg6scldym0ue3g2rlxq5f6m68r6hy83yc6scsywawv3zxhurlahh8drjtn0w4l7v2x3784vrj5ka0nnf6n02gyfxqjvh7ch"",""amount"":[{""unit"":""lovelace"",""quantity"":""9497268828""}],""tx_hash"":""a33775329c948c816d33694fde50291a57b86dd1bc503bfa53f3bb35ac751b1a"",""output_index"":0,""data_hash"":null,""inline_datum"":null,""reference_script_hash"":null,""collateral"":false,""reference"":false}]","[{""address"":""addr_test1qrdrg6scldym0ue3g2rlxq5f6m68r6hy83yc6scsywawv3zxhurlahh8drjtn0w4l7v2x3784vrj5ka0nnf6n02gyfxqjvh7ch"",""amount"":[{""unit"":""lovelace"",""quantity"":""9497091887""}],""output_index"":0,""data_hash"":null,""inline_datum"":null,""collateral"":false,""reference_script_hash"":null,""consumed_by_tx"":null}]",cip36,1/14/2025 23:08,812,stake_test1uprt7pl7mmnk3e9ehh2llx9rglr6kpe2twhee5afh4yzynq4dskny,ed25519_pk1nxkwks6utsg48rmcl9mqahsd3gwn8zeec492kqetnphk4na9fphss2a9xz
